Workbook

Sheet Settings
A1: South Africa Shift Roster & Claims Tool
A3: Purpose | B3: Auto-roster 8-hour shifts, capture claims, calculate overtime/standby, and flag BCEA compliance risks.
A5: Key Assumption / Control | B5: Value | C5: Notes | E5: Workbook Features
A6: Roster Start Date | B6: 46143 | C6: Change this to the first roster day. | E6: 1. Automated 8-hour shift rotation from Rotation_Pattern and Employees sheets.
A7: Roster Days | B7: 31 | C7: Auto_Roster currently supports up to 31 days. | E7: 2. Compliance checks: >45 ordinary hrs/wk, >10 overtime hrs/wk, short daily rest, meal break flag, approval required.
A8: Standard Shift Hours | B8: 8 | C8: User-requested 8-hour rotation per person per day. | E8: 3. Payroll-ready claim calculations for normal, overtime, Sunday/holiday, standby and night allowance inputs.
A9: Weekly Ordinary Hours Limit | B9: 45 | C9: BCEA ordinary hours limit. | E9: 4. Dashboard with employee totals and charts.
A10: Weekly Overtime Limit | B10: 10 | C10: BCEA overtime limit. | E10: Boost: claim status workflow, public holiday register, weekly exceptions list and data-validation controls.
A11: Daily Rest Minimum Hours | B11: 12 | C11: BCEA minimum rest between shifts.
A12: Weekly Rest Minimum Hours | B12: 36 | C12: BCEA weekly rest guidance.
A13: Overtime Multiplier | B13: 1.5 | C13: Default BCEA overtime pay multiplier; confirm contract/sector rules.
A14: Sunday Multiplier | B14: 2 | C14: Default Sunday pay input; adjust to company policy / contract.
A15: Public Holiday Multiplier | B15: 2 | C15: Default public holiday input; adjust to company policy / contract.
A16: Standby Allowance Per Day | B16: 250 | C16: Input amount for standby claim per standby day.
A17: Night Shift Allowance Per Hour | B17: 0 | C17: Optional allowance; set per company policy.
A18: Default Hourly Rate | B18: 100 | C18: Fallback if employee-specific rate is blank.
A19: Approval Required Above Hours | B19: 8 | C19: Claims over this daily number are flagged for approval.

Sheet Employees
A1: Employee Master
A3: Employee ID | B3: Employee Name | C3: Team | D3: Role | E3: Hourly Rate | F3: Eligible for OT? | G3: Eligible for Standby? | H3: Active? | I3: Notes
A4: E001 | B4: Musiwa Khavalani | D4: Operator | E4: 100 | F4: Y | G4: Y | H4: Y
A5: E002 | B5: Mpho Nembemhia | C5: B | D5: Operator | E5: 100 | F5: Y | G5: Y | H5: Y
A6: E003 | B6: Dimpho Makhafola | C6: C | D6: Operator | E6: 100 | F6: Y | G6: Y | H6: Y
A7: E004 | B7: Bashii Fall | C7: D | D7: Operator | E7: 100 | F7: Y | G7: Y | H7: Y
A8: E005 | B8: Lesego Aphane | C8: A | D8: Operator | E8: 100 | F8: Y | G8: Y | H8: Y
A9: E006 | B9: Nhalnahla | C9: B | D9: Operator | E9: 100 | F9: Y | G9: Y | H9: Y
A10: E007 | B10: Joe | C10: C | D10: Operator | E10: 100 | G10: Y | H10: Y
A11: E008 | B11: Tim | C11: D | D11: Operator | E11: 100 | G11: Y | H11: Y
A12: E009 | B12: Frank | C12: A | D12: Operator | E12: 100 | G12: Y | H12: Y

Sheet Rotation_Pattern
A1: Rotation Pattern Logic
A3: Cycle Day | B3: Team A | C3: Team B | D3: Team C | E3: Team D | F3: Shift Start | G3: Shift End | H3: Notes
A4: 1 | B4: Day | C4: Off | D4: Evening | E4: Night | F4: 06:00 | G4: 14:00 | H4: 8-hour block
A5: 2 | B5: Evening | C5: Day | D5: Off | E5: Night | F5: 14:00 | G5: 22:00 | H5: 8-hour block
A6: 3 | B6: Night | C6: Evening | D6: Day | E6: Off | F6: 22:00 | G6: 06:00 | H6: Crosses midnight
A7: 4 | B7: Off | C7: Night | D7: Evening | E7: Day | H7: Rest day
A10: How it works
A11: Auto_Roster calculates cycle day using MOD(Date - Start Date, 4) + 1, then maps each employee team to this pattern. Update this sheet if your rotation differs.

Sheet Public_Holidays
A1: Public Holiday Register
A3: Date | B3: Holiday Name | C3: Source / Notes | D3: Add / Adjust
A4: 46023 | B4: New Year's Day | C4: South Africa public holiday | D4: Input
A5: 46102 | B5: Human Rights Day | C5: South Africa public holiday | D5: Input
A6: 46115 | B6: Good Friday | C6: South Africa public holiday | D6: Input
A7: 46118 | B7: Family Day | C7: South Africa public holiday | D7: Input
A8: 46139 | B8: Freedom Day | C8: South Africa public holiday | D8: Input
A9: 46143 | B9: Workers' Day | C9: South Africa public holiday | D9: Input
A10: 46189 | B10: Youth Day | C10: South Africa public holiday | D10: Input
A11: 46243 | B11: National Women's Day | C11: South Africa public holiday | D11: Input
A12: 46244 | B12: Public holiday observed | C12: Because 9 Aug falls on Sunday | D12: Input
A13: 46289 | B13: Heritage Day | C13: South Africa public holiday | D13: Input
A14: 46372 | B14: Day of Reconciliation | C14: South Africa public holiday | D14: Input
A15: 46381 | B15: Christmas Day | C15: South Africa public holiday | D15: Input
A16: 46382 | B16: Day of Goodwill | C16: South Africa public holiday | D16: Input

Sheet Auto_Roster
A1: Automated 8-Hour Shift Roster
A3: Date | B3: Week Start | C3: Employee ID | D3: Employee Name | E3: Team | F3: Cycle Day | G3: Auto Shift | H3: Shift Start | I3: Shift End | J3: Shift Hours | K3: Standby? | L3: Public Holiday? | M3: Sunday? | N3: Compliance Flags | O3: Approval Status | P3: Notes
A4: =IF(0+1<=Settings!$B$7,Settings!$B$6+0,"") -> 46143 | B4: =IF(A4="","",A4-WEEKDAY(A4,2)+1) -> 46139 | C4: =IF(Employees!A4="","",Employees!A4) -> E001 | D4: =IF(C4="","",Employees!B4) -> Musiwa Khavalani | E4: =IF(C4="","",Employees!C4) -> 0 | F4: =IF(A4="","",MOD(A4-Settings!$B$6,4)+1) -> 1 | G4: =IF(C4="","",INDEX(Rotation_Pattern!$B$4:$E$7,F4,MATCH(E4,{"A","B","C","D"},0))) -> #N/A | H4: =IF(OR(G4="Off",G4=""),"",IF(G4="Day",TIME(6,0,0),IF(G4="Evening",TIME(14,0,0),TIME(22,0,0)))) -> #N/A | I4: =IF(OR(G4="Off",G4=""),"",H4+TIME(Settings!$B$8,0,0)) -> #N/A | J4: =IF(OR(G4="Off",G4=""),0,Settings!$B$8) -> #N/A | K4: N | L4: =IF(A4="","",IF(COUNTIF(Public_Holidays!$A$4:$A$80,A4)>0,"Y","N")) -> Y | M4: =IF(A4="","",IF(WEEKDAY(A4,2)=7,"Y","N")) -> N | N4: =IF(A4="","",_xlfn.TEXTJOIN("; ",TRUE,IF(SUMIFS($J:$J,$C:$C,C4,$B:$B,B4)>Settings!$B$9,"Weekly ordinary hrs >45",""),IF(SUMIFS(Claims!$H:$H,Claims!$C:$C,C4,Claims!$B:$B,B4)>Settings!$B$10,"Weekly OT >10",""),IF(AND(G4<>"Off",COUNTIFS($C:$C,C4,$A:$A,A4-1,$G:$G,"Night")>0),"Rest <12h after night shift",""),IF(J4>5,"Meal interval required",""))) -> #N/A | O4: Pending
A5: =IF(0+1<=Settings!$B$7,Settings!$B$6+0,"") -> 46143 | B5: =IF(A5="","",A5-WEEKDAY(A5,2)+1) -> 46139 | C5: =IF(Employees!A5="","",Employees!A5) -> E002 | D5: =IF(C5="","",Employees!B5) -> Mpho Nembemhia | E5: =IF(C5="","",Employees!C5) -> B | F5: =IF(A5="","",MOD(A5-Settings!$B$6,4)+1) -> 1 | G5: =IF(C5="","",INDEX(Rotation_Pattern!$B$4:$E$7,F5,MATCH(E5,{"A","B","C","D"},0))) -> Off | H5: =IF(OR(G5="Off",G5=""),"",IF(G5="Day",TIME(6,0,0),IF(G5="Evening",TIME(14,0,0),TIME(22,0,0)))) | I5: =IF(OR(G5="Off",G5=""),"",H5+TIME(Settings!$B$8,0,0)) | J5: =IF(OR(G5="Off",G5=""),0,Settings!$B$8) -> 0 | K5: N | L5: =IF(A5="","",IF(COUNTIF(Public_Holidays!$A$4:$A$80,A5)>0,"Y","N")) -> Y | M5: =IF(A5="","",IF(WEEKDAY(A5,2)=7,"Y","N")) -> N | N5: =IF(A5="","",_xludf.TEXTJOIN("; ",TRUE,IF(SUMIFS($J:$J,$C:$C,C5,$B:$B,B5)>Settings!$B$9,"Weekly ordinary hrs >45",""),IF(SUMIFS(Claims!$H:$H,Claims!$C:$C,C5,Claims!$B:$B,B5)>Settings!$B$10,"Weekly OT >10",""),IF(AND(G5<>"Off",COUNTIFS($C:$C,C5,$A:$A,A5-1,$G:$G,"Night")>0),"Rest <12h after night shift",""),IF(J5>5,"Meal interval required",""))) -> #NAME? | O5: Pending
A6: =IF(0+1<=Settings!$B$7,Settings!$B$6+0,"") -> 46143 | B6: =IF(A6="","",A6-WEEKDAY(A6,2)+1) -> 46139 | C6: =IF(Employees!A6="","",Employees!A6) -> E003 | D6: =IF(C6="","",Employees!B6) -> Dimpho Makhafola | E6: =IF(C6="","",Employees!C6) -> C | F6: =IF(A6="","",MOD(A6-Settings!$B$6,4)+1) -> 1 | G6: =IF(C6="","",INDEX(Rotation_Pattern!$B$4:$E$7,F6,MATCH(E6,{"A","B","C","D"},0))) -> Evening | H6: =IF(OR(G6="Off",G6=""),"",IF(G6="Day",TIME(6,0,0),IF(G6="Evening",TIME(14,0,0),TIME(22,0,0)))) -> 0.58333333 | I6: =IF(OR(G6="Off",G6=""),"",H6+TIME(Settings!$B$8,0,0)) -> 0.91666667 | J6: =IF(OR(G6="Off",G6=""),0,Settings!$B$8) -> 8 | K6: N | L6: =IF(A6="","",IF(COUNTIF(Public_Holidays!$A$4:$A$80,A6)>0,"Y","N")) -> Y | M6: =IF(A6="","",IF(WEEKDAY(A6,2)=7,"Y","N")) -> N | N6: =IF(A6="","",_xludf.TEXTJOIN("; ",TRUE,IF(SUMIFS($J:$J,$C:$C,C6,$B:$B,B6)>Settings!$B$9,"Weekly ordinary hrs >45",""),IF(SUMIFS(Claims!$H:$H,Claims!$C:$C,C6,Claims!$B:$B,B6)>Settings!$B$10,"Weekly OT >10",""),IF(AND(G6<>"Off",COUNTIFS($C:$C,C6,$A:$A,A6-1,$G:$G,"Night")>0),"Rest <12h after night shift",""),IF(J6>5,"Meal interval required",""))) -> #NAME? | O6: Pending
A7: =IF(0+1<=Settings!$B$7,Settings!$B$6+0,"") -> 46143 | B7: =IF(A7="","",A7-WEEKDAY(A7,2)+1) -> 46139 | C7: =IF(Employees!A7="","",Employees!A7) -> E004 | D7: =IF(C7="","",Employees!B7) -> Bashii Fall | E7: =IF(C7="","",Employees!C7) -> D | F7: =IF(A7="","",MOD(A7-Settings!$B$6,4)+1) -> 1 | G7: =IF(C7="","",INDEX(Rotation_Pattern!$B$4:$E$7,F7,MATCH(E7,{"A","B","C","D"},0))) -> Night | H7: =IF(OR(G7="Off",G7=""),"",IF(G7="Day",TIME(6,0,0),IF(G7="Evening",TIME(14,0,0),TIME(22,0,0)))) -> 0.91666667 | I7: =IF(OR(G7="Off",G7=""),"",H7+TIME(Settings!$B$8,0,0)) -> 1.25 | J7: =IF(OR(G7="Off",G7=""),0,Settings!$B$8) -> 8 | K7: N | L7: =IF(A7="","",IF(COUNTIF(Public_Holidays!$A$4:$A$80,A7)>0,"Y","N")) -> Y | M7: =IF(A7="","",IF(WEEKDAY(A7,2)=7,"Y","N")) -> N | N7: =IF(A7="","",_xludf.TEXTJOIN("; ",TRUE,IF(SUMIFS($J:$J,$C:$C,C7,$B:$B,B7)>Settings!$B$9,"Weekly ordinary hrs >45",""),IF(SUMIFS(Claims!$H:$H,Claims!$C:$C,C7,Claims!$B:$B,B7)>Settings!$B$10,"Weekly OT >10",""),IF(AND(G7<>"Off",COUNTIFS($C:$C,C7,$A:$A,A7-1,$G:$G,"Night")>0),"Rest <12h after night shift",""),IF(J7>5,"Meal interval required",""))) -> #NAME? | O7: Pending
A8: =IF(0+1<=Settings!$B$7,Settings!$B$6+0,"") -> 46143 | B8: =IF(A8="","",A8-WEEKDAY(A8,2)+1) -> 46139 | C8: =IF(Employees!A8="","",Employees!A8) -> E005 | D8: =IF(C8="","",Employees!B8) -> Lesego Aphane | E8: =IF(C8="","",Employees!C8) -> A | F8: =IF(A8="","",MOD(A8-Settings!$B$6,4)+1) -> 1 | G8: =IF(C8="","",INDEX(Rotation_Pattern!$B$4:$E$7,F8,MATCH(E8,{"A","B","C","D"},0))) -> Day | H8: =IF(OR(G8="Off",G8=""),"",IF(G8="Day",TIME(6,0,0),IF(G8="Evening",TIME(14,0,0),TIME(22,0,0)))) -> 0.25 | I8: =IF(OR(G8="Off",G8=""),"",H8+TIME(Settings!$B$8,0,0)) -> 0.58333333 | J8: =IF(OR(G8="Off",G8=""),0,Settings!$B$8) -> 8 | K8: N | L8: =IF(A8="","",IF(COUNTIF(Public_Holidays!$A$4:$A$80,A8)>0,"Y","N")) -> Y | M8: =IF(A8="","",IF(WEEKDAY(A8,2)=7,"Y","N")) -> N | N8: =IF(A8="","",_xludf.TEXTJOIN("; ",TRUE,IF(SUMIFS($J:$J,$C:$C,C8,$B:$B,B8)>Settings!$B$9,"Weekly ordinary hrs >45",""),IF(SUMIFS(Claims!$H:$H,Claims!$C:$C,C8,Claims!$B:$B,B8)>Settings!$B$10,"Weekly OT >10",""),IF(AND(G8<>"Off",COUNTIFS($C:$C,C8,$A:$A,A8-1,$G:$G,"Night")>0),"Rest <12h after night shift",""),IF(J8>5,"Meal interval required",""))) -> #NAME? | O8: Pending
A9: =IF(0+1<=Settings!$B$7,Settings!$B$6+0,"") -> 46143 | B9: =IF(A9="","",A9-WEEKDAY(A9,2)+1) -> 46139 | C9: =IF(Employees!A9="","",Employees!A9) -> E006 | D9: =IF(C9="","",Employees!B9) -> Nhalnahla | E9: =IF(C9="","",Employees!C9) -> B | F9: =IF(A9="","",MOD(A9-Settings!$B$6,4)+1) -> 1 | G9: =IF(C9="","",INDEX(Rotation_Pattern!$B$4:$E$7,F9,MATCH(E9,{"A","B","C","D"},0))) -> Off | H9: =IF(OR(G9="Off",G9=""),"",IF(G9="Day",TIME(6,0,0),IF(G9="Evening",TIME(14,0,0),TIME(22,0,0)))) | I9: =IF(OR(G9="Off",G9=""),"",H9+TIME(Settings!$B$8,0,0)) | J9: =IF(OR(G9="Off",G9=""),0,Settings!$B$8) -> 0 | K9: N | L9: =IF(A9="","",IF(COUNTIF(Public_Holidays!$A$4:$A$80,A9)>0,"Y","N")) -> Y | M9: =IF(A9="","",IF(WEEKDAY(A9,2)=7,"Y","N")) -> N | N9: =IF(A9="","",_xludf.TEXTJOIN("; ",TRUE,IF(SUMIFS($J:$J,$C:$C,C9,$B:$B,B9)>Settings!$B$9,"Weekly ordinary hrs >45",""),IF(SUMIFS(Claims!$H:$H,Claims!$C:$C,C9,Claims!$B:$B,B9)>Settings!$B$10,"Weekly OT >10",""),IF(AND(G9<>"Off",COUNTIFS($C:$C,C9,$A:$A,A9-1,$G:$G,"Night")>0),"Rest <12h after night shift",""),IF(J9>5,"Meal interval required",""))) -> #NAME? | O9: Pending
A10: =IF(0+1<=Settings!$B$7,Settings!$B$6+0,"") -> 46143 | B10: =IF(A10="","",A10-WEEKDAY(A10,2)+1) -> 46139 | C10: =IF(Employees!A10="","",Employees!A10) -> E007 | D10: =IF(C10="","",Employees!B10) -> Joe | E10: =IF(C10="","",Employees!C10) -> C | F10: =IF(A10="","",MOD(A10-Settings!$B$6,4)+1) -> 1 | G10: =IF(C10="","",INDEX(Rotation_Pattern!$B$4:$E$7,F10,MATCH(E10,{"A","B","C","D"},0))) -> Evening | H10: =IF(OR(G10="Off",G10=""),"",IF(G10="Day",TIME(6,0,0),IF(G10="Evening",TIME(14,0,0),TIME(22,0,0)))) -> 0.58333333 | I10: =IF(OR(G10="Off",G10=""),"",H10+TIME(Settings!$B$8,0,0)) -> 0.91666667 | J10: =IF(OR(G10="Off",G10=""),0,Settings!$B$8) -> 8 | K10: N | L10: =IF(A10="","",IF(COUNTIF(Public_Holidays!$A$4:$A$80,A10)>0,"Y","N")) -> Y | M10: =IF(A10="","",IF(WEEKDAY(A10,2)=7,"Y","N")) -> N | N10: =IF(A10="","",_xludf.TEXTJOIN("; ",TRUE,IF(SUMIFS($J:$J,$C:$C,C10,$B:$B,B10)>Settings!$B$9,"Weekly ordinary hrs >45",""),IF(SUMIFS(Claims!$H:$H,Claims!$C:$C,C10,Claims!$B:$B,B10)>Settings!$B$10,"Weekly OT >10",""),IF(AND(G10<>"Off",COUNTIFS($C:$C,C10,$A:$A,A10-1,$G:$G,"Night")>0),"Rest <12h after night shift",""),IF(J10>5,"Meal interval required",""))) -> #NAME? | O10: Pending
A11: =IF(0+1<=Settings!$B$7,Settings!$B$6+0,"") -> 46143 | B11: =IF(A11="","",A11-WEEKDAY(A11,2)+1) -> 46139 | C11: =IF(Employees!A11="","",Employees!A11) -> E008 | D11: =IF(C11="","",Employees!B11) -> Tim | E11: =IF(C11="","",Employees!C11) -> D | F11: =IF(A11="","",MOD(A11-Settings!$B$6,4)+1) -> 1 | G11: =IF(C11="","",INDEX(Rotation_Pattern!$B$4:$E$7,F11,MATCH(E11,{"A","B","C","D"},0))) -> Night | H11: =IF(OR(G11="Off",G11=""),"",IF(G11="Day",TIME(6,0,0),IF(G11="Evening",TIME(14,0,0),TIME(22,0,0)))) -> 0.91666667 | I11: =IF(OR(G11="Off",G11=""),"",H11+TIME(Settings!$B$8,0,0)) -> 1.25 | J11: =IF(OR(G11="Off",G11=""),0,Settings!$B$8) -> 8 | K11: N | L11: =IF(A11="","",IF(COUNTIF(Public_Holidays!$A$4:$A$80,A11)>0,"Y","N")) -> Y | M11: =IF(A11="","",IF(WEEKDAY(A11,2)=7,"Y","N")) -> N | N11: =IF(A11="","",_xludf.TEXTJOIN("; ",TRUE,IF(SUMIFS($J:$J,$C:$C,C11,$B:$B,B11)>Settings!$B$9,"Weekly ordinary hrs >45",""),IF(SUMIFS(Claims!$H:$H,Claims!$C:$C,C11,Claims!$B:$B,B11)>Settings!$B$10,"Weekly OT >10",""),IF(AND(G11<>"Off",COUNTIFS($C:$C,C11,$A:$A,A11-1,$G:$G,"Night")>0),"Rest <12h after night shift",""),IF(J11>5,"Meal interval required",""))) -> #NAME? | O11: Pending
A12: =IF(0+1<=Settings!$B$7,Settings!$B$6+0,"") -> 46143 | B12: =IF(A12="","",A12-WEEKDAY(A12,2)+1) -> 46139 | C12: =IF(Employees!A12="","",Employees!A12) -> E009 | D12: =IF(C12="","",Employees!B12) -> Frank | E12: =IF(C12="","",Employees!C12) -> A | F12: =IF(A12="","",MOD(A12-Settings!$B$6,4)+1) -> 1 | G12: =IF(C12="","",INDEX(Rotation_Pattern!$B$4:$E$7,F12,MATCH(E12,{"A","B","C","D"},0))) -> Day | H12: =IF(OR(G12="Off",G12=""),"",IF(G12="Day",TIME(6,0,0),IF(G12="Evening",TIME(14,0,0),TIME(22,0,0)))) -> 0.25 | I12: =IF(OR(G12="Off",G12=""),"",H12+TIME(Settings!$B$8,0,0)) -> 0.58333333 | J12: =IF(OR(G12="Off",G12=""),0,Settings!$B$8) -> 8 | K12: N | L12: =IF(A12="","",IF(COUNTIF(Public_Holidays!$A$4:$A$80,A12)>0,"Y","N")) -> Y | M12: =IF(A12="","",IF(WEEKDAY(A12,2)=7,"Y","N")) -> N | N12: =IF(A12="","",_xludf.TEXTJOIN("; ",TRUE,IF(SUMIFS($J:$J,$C:$C,C12,$B:$B,B12)>Settings!$B$9,"Weekly ordinary hrs >45",""),IF(SUMIFS(Claims!$H:$H,Claims!$C:$C,C12,Claims!$B:$B,B12)>Settings!$B$10,"Weekly OT >10",""),IF(AND(G12<>"Off",COUNTIFS($C:$C,C12,$A:$A,A12-1,$G:$G,"Night")>0),"Rest <12h after night shift",""),IF(J12>5,"Meal interval required",""))) -> #NAME? | O12: Pending
A13: =IF(0+1<=Settings!$B$7,Settings!$B$6+0,"") -> 46143 | B13: =IF(A13="","",A13-WEEKDAY(A13,2)+1) -> 46139 | C13: =IF(Employees!A13="","",Employees!A13) | D13: =IF(C13="","",Employees!B13) | E13: =IF(C13="","",Employees!C13) | F13: =IF(A13="","",MOD(A13-Settings!$B$6,4)+1) -> 1 | G13: =IF(C13="","",INDEX(Rotation_Pattern!$B$4:$E$7,F13,MATCH(E13,{"A","B","C","D"},0))) | H13: =IF(OR(G13="Off",G13=""),"",IF(G13="Day",TIME(6,0,0),IF(G13="Evening",TIME(14,0,0),TIME(22,0,0)))) | I13: =IF(OR(G13="Off",G13=""),"",H13+TIME(Settings!$B$8,0,0)) | J13: =IF(OR(G13="Off",G13=""),0,Settings!$B$8) -> 0 | K13: N | L13: =IF(A13="","",IF(COUNTIF(Public_Holidays!$A$4:$A$80,A13)>0,"Y","N")) -> Y | M13: =IF(A13="","",IF(WEEKDAY(A13,2)=7,"Y","N")) -> N | N13: =IF(A13="","",_xludf.TEXTJOIN("; ",TRUE,IF(SUMIFS($J:$J,$C:$C,C13,$B:$B,B13)>Settings!$B$9,"Weekly ordinary hrs >45",""),IF(SUMIFS(Claims!$H:$H,Claims!$C:$C,C13,Claims!$B:$B,B13)>Settings!$B$10,"Weekly OT >10",""),IF(AND(G13<>"Off",COUNTIFS($C:$C,C13,$A:$A,A13-1,$G:$G,"Night")>0),"Rest <12h after night shift",""),IF(J13>5,"Meal interval required",""))) -> #NAME? | O13: Pending
A14: =IF(0+1<=Settings!$B$7,Settings!$B$6+0,"") -> 46143 | B14: =IF(A14="","",A14-WEEKDAY(A14,2)+1) -> 46139 | C14: =IF(Employees!A14="","",Employees!A14) | D14: =IF(C14="","",Employees!B14) | E14: =IF(C14="","",Employees!C14) | F14: =IF(A14="","",MOD(A14-Settings!$B$6,4)+1) -> 1 | G14: =IF(C14="","",INDEX(Rotation_Pattern!$B$4:$E$7,F14,MATCH(E14,{"A","B","C","D"},0))) | H14: =IF(OR(G14="Off",G14=""),"",IF(G14="Day",TIME(6,0,0),IF(G14="Evening",TIME(14,0,0),TIME(22,0,0)))) | I14: =IF(OR(G14="Off",G14=""),"",H14+TIME(Settings!$B$8,0,0)) | J14: =IF(OR(G14="Off",G14=""),0,Settings!$B$8) -> 0 | K14: N | L14: =IF(A14="","",IF(COUNTIF(Public_Holidays!$A$4:$A$80,A14)>0,"Y","N")) -> Y | M14: =IF(A14="","",IF(WEEKDAY(A14,2)=7,"Y","N")) -> N | N14: =IF(A14="","",_xludf.TEXTJOIN("; ",TRUE,IF(SUMIFS($J:$J,$C:$C,C14,$B:$B,B14)>Settings!$B$9,"Weekly ordinary hrs >45",""),IF(SUMIFS(Claims!$H:$H,Claims!$C:$C,C14,Claims!$B:$B,B14)>Settings!$B$10,"Weekly OT >10",""),IF(AND(G14<>"Off",COUNTIFS($C:$C,C14,$A:$A,A14-1,$G:$G,"Night")>0),"Rest <12h after night shift",""),IF(J14>5,"Meal interval required",""))) -> #NAME? | O14: Pending
A15: =IF(0+1<=Settings!$B$7,Settings!$B$6+0,"") -> 46143 | B15: =IF(A15="","",A15-WEEKDAY(A15,2)+1) -> 46139 | C15: =IF(Employees!A15="","",Employees!A15) | D15: =IF(C15="","",Employees!B15) | E15: =IF(C15="","",Employees!C15) | F15: =IF(A15="","",MOD(A15-Settings!$B$6,4)+1) -> 1 | G15: =IF(C15="","",INDEX(Rotation_Pattern!$B$4:$E$7,F15,MATCH(E15,{"A","B","C","D"},0))) | H15: =IF(OR(G15="Off",G15=""),"",IF(G15="Day",TIME(6,0,0),IF(G15="Evening",TIME(14,0,0),TIME(22,0,0)))) | I15: =IF(OR(G15="Off",G15=""),"",H15+TIME(Settings!$B$8,0,0)) | J15: =IF(OR(G15="Off",G15=""),0,Settings!$B$8) -> 0 | K15: N | L15: =IF(A15="","",IF(COUNTIF(Public_Holidays!$A$4:$A$80,A15)>0,"Y","N")) -> Y | M15: =IF(A15="","",IF(WEEKDAY(A15,2)=7,"Y","N")) -> N | N15: =IF(A15="","",_xludf.TEXTJOIN("; ",TRUE,IF(SUMIFS($J:$J,$C:$C,C15,$B:$B,B15)>Settings!$B$9,"Weekly ordinary hrs >45",""),IF(SUMIFS(Claims!$H:$H,Claims!$C:$C,C15,Claims!$B:$B,B15)>Settings!$B$10,"Weekly OT >10",""),IF(AND(G15<>"Off",COUNTIFS($C:$C,C15,$A:$A,A15-1,$G:$G,"Night")>0),"Rest <12h after night shift",""),IF(J15>5,"Meal interval required",""))) -> #NAME? | O15: Pending
A16: =IF(0+1<=Settings!$B$7,Settings!$B$6+0,"") -> 46143 | B16: =IF(A16="","",A16-WEEKDAY(A16,2)+1) -> 46139 | C16: =IF(Employees!A16="","",Employees!A16) | D16: =IF(C16="","",Employees!B16) | E16: =IF(C16="","",Employees!C16) | F16: =IF(A16="","",MOD(A16-Settings!$B$6,4)+1) -> 1 | G16: =IF(C16="","",INDEX(Rotation_Pattern!$B$4:$E$7,F16,MATCH(E16,{"A","B","C","D"},0))) | H16: =IF(OR(G16="Off",G16=""),"",IF(G16="Day",TIME(6,0,0),IF(G16="Evening",TIME(14,0,0),TIME(22,0,0)))) | I16: =IF(OR(G16="Off",G16=""),"",H16+TIME(Settings!$B$8,0,0)) | J16: =IF(OR(G16="Off",G16=""),0,Settings!$B$8) -> 0 | K16: N | L16: =IF(A16="","",IF(COUNTIF(Public_Holidays!$A$4:$A$80,A16)>0,"Y","N")) -> Y | M16: =IF(A16="","",IF(WEEKDAY(A16,2)=7,"Y","N")) -> N | N16: =IF(A16="","",_xludf.TEXTJOIN("; ",TRUE,IF(SUMIFS($J:$J,$C:$C,C16,$B:$B,B16)>Settings!$B$9,"Weekly ordinary hrs >45",""),IF(SUMIFS(Claims!$H:$H,Claims!$C:$C,C16,Claims!$B:$B,B16)>Settings!$B$10,"Weekly OT >10",""),IF(AND(G16<>"Off",COUNTIFS($C:$C,C16,$A:$A,A16-1,$G:$G,"Night")>0),"Rest <12h after night shift",""),IF(J16>5,"Meal interval required",""))) -> #NAME? | O16: Pending
... A23: =IF(0+1<=Settings!$B$7,Settings!$B$6+0,"") -> 46143 | B23: =IF(A23="","",A23-WEEKDAY(A23,2)+1) -> 46139 | C23: =IF(Employees!A23="","",Employees!A23) | D23: =IF(C23="","",Employees!B23) | E23: =IF(C23="","",Employees!C23) | F23: =IF(A23="","",MOD(A23-Settings!$B$6,4)+1) -> 1 | G23: =IF(C23="","",INDEX(Rotation_Pattern!$B$4:$E$7,F23,MATCH(E23,{"A","B","C","D"},0))) | H23: =IF(OR(G23="Off",G23=""),"",IF(G23="Day",TIME(6,0,0),IF(G23="Evening",TIME(14,0,0),TIME(22,0,0)))) | I23: =IF(OR(G23="Off",G23=""),"",H23+TIME(Settings!$B$8,0,0)) | J23: =IF(OR(G23="Off",G23=""),0,Settings!$B$8) -> 0 | K23: N | L23: =IF(A23="","",IF(COUNTIF(Public_Holidays!$A$4:$A$80,A23)>0,"Y","N")) -> Y | M23: =IF(A23="","",IF(WEEKDAY(A23,2)=7,"Y","N")) -> N | N23: =IF(A23="","",_xludf.TEXTJOIN("; ",TRUE,IF(SUMIFS($J:$J,$C:$C,C23,$B:$B,B23)>Settings!$B$9,"Weekly ordinary hrs >45",""),IF(SUMIFS(Claims!$H:$H,Claims!$C:$C,C23,Claims!$B:$B,B23)>Settings!$B$10,"Weekly OT >10",""),IF(AND(G23<>"Off",COUNTIFS($C:$C,C23,$A:$A,A23-1,$G:$G,"Night")>0),"Rest <12h after night shift",""),IF(J23>5,"Meal interval required",""))) -> #NAME? | O23: Pending
A24: =IF(1+1<=Settings!$B$7,Settings!$B$6+1,"") -> 46144 | B24: =IF(A24="","",A24-WEEKDAY(A24,2)+1) -> 46139 | C24: =IF(Employees!A4="","",Employees!A4) -> E001 | D24: =IF(C24="","",Employees!B4) -> Musiwa Khavalani | E24: =IF(C24="","",Employees!C4) -> 0 | F24: =IF(A24="","",MOD(A24-Settings!$B$6,4)+1) -> 2 | G24: =IF(C24="","",INDEX(Rotation_Pattern!$B$4:$E$7,F24,MATCH(E24,{"A","B","C","D"},0))) -> #N/A | H24: =IF(OR(G24="Off",G24=""),"",IF(G24="Day",TIME(6,0,0),IF(G24="Evening",TIME(14,0,0),TIME(22,0,0)))) -> #N/A | I24: =IF(OR(G24="Off",G24=""),"",H24+TIME(Settings!$B$8,0,0)) -> #N/A | J24: =IF(OR(G24="Off",G24=""),0,Settings!$B$8) -> #N/A | K24: N | L24: =IF(A24="","",IF(COUNTIF(Public_Holidays!$A$4:$A$80,A24)>0,"Y","N")) -> N | M24: =IF(A24="","",IF(WEEKDAY(A24,2)=7,"Y","N")) -> N | N24: =IF(A24="","",_xludf.TEXTJOIN("; ",TRUE,IF(SUMIFS($J:$J,$C:$C,C24,$B:$B,B24)>Settings!$B$9,"Weekly ordinary hrs >45",""),IF(SUMIFS(Claims!$H:$H,Claims!$C:$C,C24,Claims!$B:$B,B24)>Settings!$B$10,"Weekly OT >10",""),IF(AND(G24<>"Off",COUNTIFS($C:$C,C24,$A:$A,A24-1,$G:$G,"Night")>0),"Rest <12h after night shift",""),IF(J24>5,"Meal interval required",""))) -> #NAME? | O24: Pending
A25: =IF(1+1<=Settings!$B$7,Settings!$B$6+1,"") -> 46144 | B25: =IF(A25="","",A25-WEEKDAY(A25,2)+1) -> 46139 | C25: =IF(Employees!A5="","",Employees!A5) -> E002 | D25: =IF(C25="","",Employees!B5) -> Mpho Nembemhia | E25: =IF(C25="","",Employees!C5) -> B | F25: =IF(A25="","",MOD(A25-Settings!$B$6,4)+1) -> 2 | G25: =IF(C25="","",INDEX(Rotation_Pattern!$B$4:$E$7,F25,MATCH(E25,{"A","B","C","D"},0))) -> Day | H25: =IF(OR(G25="Off",G25=""),"",IF(G25="Day",TIME(6,0,0),IF(G25="Evening",TIME(14,0,0),TIME(22,0,0)))) -> 0.25 | I25: =IF(OR(G25="Off",G25=""),"",H25+TIME(Settings!$B$8,0,0)) -> 0.58333333 | J25: =IF(OR(G25="Off",G25=""),0,Settings!$B$8) -> 8 | K25: N | L25: =IF(A25="","",IF(COUNTIF(Public_Holidays!$A$4:$A$80,A25)>0,"Y","N")) -> N | M25: =IF(A25="","",IF(WEEKDAY(A25,2)=7,"Y","N")) -> N | N25: =IF(A25="","",_xludf.TEXTJOIN("; ",TRUE,IF(SUMIFS($J:$J,$C:$C,C25,$B:$B,B25)>Settings!$B$9,"Weekly ordinary hrs >45",""),IF(SUMIFS(Claims!$H:$H,Claims!$C:$C,C25,Claims!$B:$B,B25)>Settings!$B$10,"Weekly OT >10",""),IF(AND(G25<>"Off",COUNTIFS($C:$C,C25,$A:$A,A25-1,$G:$G,"Night")>0),"Rest <12h after night shift",""),IF(J25>5,"Meal interval required",""))) -> #NAME? | O25: Pending
A26: =IF(1+1<=Settings!$B$7,Settings!$B$6+1,"") -> 46144 | B26: =IF(A26="","",A26-WEEKDAY(A26,2)+1) -> 46139 | C26: =IF(Employees!A6="","",Employees!A6) -> E003 | D26: =IF(C26="","",Employees!B6) -> Dimpho Makhafola | E26: =IF(C26="","",Employees!C6) -> C | F26: =IF(A26="","",MOD(A26-Settings!$B$6,4)+1) -> 2 | G26: =IF(C26="","",INDEX(Rotation_Pattern!$B$4:$E$7,F26,MATCH(E26,{"A","B","C","D"},0))) -> Off | H26: =IF(OR(G26="Off",G26=""),"",IF(G26="Day",TIME(6,0,0),IF(G26="Evening",TIME(14,0,0),TIME(22,0,0)))) | I26: =IF(OR(G26="Off",G26=""),"",H26+TIME(Settings!$B$8,0,0)) | J26: =IF(OR(G26="Off",G26=""),0,Settings!$B$8) -> 0 | K26: N | L26: =IF(A26="","",IF(COUNTIF(Public_Holidays!$A$4:$A$80,A26)>0,"Y","N")) -> N | M26: =IF(A26="","",IF(WEEKDAY(A26,2)=7,"Y","N")) -> N | N26: =IF(A26="","",_xludf.TEXTJOIN("; ",TRUE,IF(SUMIFS($J:$J,$C:$C,C26,$B:$B,B26)>Settings!$B$9,"Weekly ordinary hrs >45",""),IF(SUMIFS(Claims!$H:$H,Claims!$C:$C,C26,Claims!$B:$B,B26)>Settings!$B$10,"Weekly OT >10",""),IF(AND(G26<>"Off",COUNTIFS($C:$C,C26,$A:$A,A26-1,$G:$G,"Night")>0),"Rest <12h after night shift",""),IF(J26>5,"Meal interval required",""))) -> #NAME? | O26: Pending
A27: =IF(1+1<=Settings!$B$7,Settings!$B$6+1,"") -> 46144 | B27: =IF(A27="","",A27-WEEKDAY(A27,2)+1) -> 46139 | C27: =IF(Employees!A7="","",Employees!A7) -> E004 | D27: =IF(C27="","",Employees!B7) -> Bashii Fall | E27: =IF(C27="","",Employees!C7) -> D | F27: =IF(A27="","",MOD(A27-Settings!$B$6,4)+1) -> 2 | G27: =IF(C27="","",INDEX(Rotation_Pattern!$B$4:$E$7,F27,MATCH(E27,{"A","B","C","D"},0))) -> Night | H27: =IF(OR(G27="Off",G27=""),"",IF(G27="Day",TIME(6,0,0),IF(G27="Evening",TIME(14,0,0),TIME(22,0,0)))) -> 0.91666667 | I27: =IF(OR(G27="Off",G27=""),"",H27+TIME(Settings!$B$8,0,0)) -> 1.25 | J27: =IF(OR(G27="Off",G27=""),0,Settings!$B$8) -> 8 | K27: N | L27: =IF(A27="","",IF(COUNTIF(Public_Holidays!$A$4:$A$80,A27)>0,"Y","N")) -> N | M27: =IF(A27="","",IF(WEEKDAY(A27,2)=7,"Y","N")) -> N | N27: =IF(A27="","",_xludf.TEXTJOIN("; ",TRUE,IF(SUMIFS($J:$J,$C:$C,C27,$B:$B,B27)>Settings!$B$9,"Weekly ordinary hrs >45",""),IF(SUMIFS(Claims!$H:$H,Claims!$C:$C,C27,Claims!$B:$B,B27)>Settings!$B$10,"Weekly OT >10",""),IF(AND(G27<>"Off",COUNTIFS($C:$C,C27,$A:$A,A27-1,$G:$G,"Night")>0),"Rest <12h after night shift",""),IF(J27>5,"Meal interval required",""))) -> #NAME? | O27: Pending
A28: =IF(1+1<=Settings!$B$7,Settings!$B$6+1,"") -> 46144 | B28: =IF(A28="","",A28-WEEKDAY(A28,2)+1) -> 46139 | C28: =IF(Employees!A8="","",Employees!A8) -> E005 | D28: =IF(C28="","",Employees!B8) -> Lesego Aphane | E28: =IF(C28="","",Employees!C8) -> A | F28: =IF(A28="","",MOD(A28-Settings!$B$6,4)+1) -> 2 | G28: =IF(C28="","",INDEX(Rotation_Pattern!$B$4:$E$7,F28,MATCH(E28,{"A","B","C","D"},0))) -> Evening | H28: =IF(OR(G28="Off",G28=""),"",IF(G28="Day",TIME(6,0,0),IF(G28="Evening",TIME(14,0,0),TIME(22,0,0)))) -> 0.58333333 | I28: =IF(OR(G28="Off",G28=""),"",H28+TIME(Settings!$B$8,0,0)) -> 0.91666667 | J28: =IF(OR(G28="Off",G28=""),0,Settings!$B$8) -> 8 | K28: N | L28: =IF(A28="","",IF(COUNTIF(Public_Holidays!$A$4:$A$80,A28)>0,"Y","N")) -> N | M28: =IF(A28="","",IF(WEEKDAY(A28,2)=7,"Y","N")) -> N | N28: =IF(A28="","",_xludf.TEXTJOIN("; ",TRUE,IF(SUMIFS($J:$J,$C:$C,C28,$B:$B,B28)>Settings!$B$9,"Weekly ordinary hrs >45",""),IF(SUMIFS(Claims!$H:$H,Claims!$C:$C,C28,Claims!$B:$B,B28)>Settings!$B$10,"Weekly OT >10",""),IF(AND(G28<>"Off",COUNTIFS($C:$C,C28,$A:$A,A28-1,$G:$G,"Night")>0),"Rest <12h after night shift",""),IF(J28>5,"Meal interval required",""))) -> #NAME? | O28: Pending
A29: =IF(1+1<=Settings!$B$7,Settings!$B$6+1,"") -> 46144 | B29: =IF(A29="","",A29-WEEKDAY(A29,2)+1) -> 46139 | C29: =IF(Employees!A9="","",Employees!A9) -> E006 | D29: =IF(C29="","",Employees!B9) -> Nhalnahla | E29: =IF(C29="","",Employees!C9) -> B | F29: =IF(A29="","",MOD(A29-Settings!$B$6,4)+1) -> 2 | G29: =IF(C29="","",INDEX(Rotation_Pattern!$B$4:$E$7,F29,MATCH(E29,{"A","B","C","D"},0))) -> Day | H29: =IF(OR(G29="Off",G29=""),"",IF(G29="Day",TIME(6,0,0),IF(G29="Evening",TIME(14,0,0),TIME(22,0,0)))) -> 0.25 | I29: =IF(OR(G29="Off",G29=""),"",H29+TIME(Settings!$B$8,0,0)) -> 0.58333333 | J29: =IF(OR(G29="Off",G29=""),0,Settings!$B$8) -> 8 | K29: N | L29: =IF(A29="","",IF(COUNTIF(Public_Holidays!$A$4:$A$80,A29)>0,"Y","N")) -> N | M29: =IF(A29="","",IF(WEEKDAY(A29,2)=7,"Y","N")) -> N | N29: =IF(A29="","",_xludf.TEXTJOIN("; ",TRUE,IF(SUMIFS($J:$J,$C:$C,C29,$B:$B,B29)>Settings!$B$9,"Weekly ordinary hrs >45",""),IF(SUMIFS(Claims!$H:$H,Claims!$C:$C,C29,Claims!$B:$B,B29)>Settings!$B$10,"Weekly OT >10",""),IF(AND(G29<>"Off",COUNTIFS($C:$C,C29,$A:$A,A29-1,$G:$G,"Night")>0),"Rest <12h after night shift",""),IF(J29>5,"Meal interval required",""))) -> #NAME? | O29: Pending
A30: =IF(1+1<=Settings!$B$7,Settings!$B$6+1,"") -> 46144 | B30: =IF(A30="","",A30-WEEKDAY(A30,2)+1) -> 46139 | C30: =IF(Employees!A10="","",Employees!A10) -> E007 | D30: =IF(C30="","",Employees!B10) -> Joe | E30: =IF(C30="","",Employees!C10) -> C | F30: =IF(A30="","",MOD(A30-Settings!$B$6,4)+1) -> 2 | G30: =IF(C30="","",INDEX(Rotation_Pattern!$B$4:$E$7,F30,MATCH(E30,{"A","B","C","D"},0))) -> Off | H30: =IF(OR(G30="Off",G30=""),"",IF(G30="Day",TIME(6,0,0),IF(G30="Evening",TIME(14,0,0),TIME(22,0,0)))) | I30: =IF(OR(G30="Off",G30=""),"",H30+TIME(Settings!$B$8,0,0)) | J30: =IF(OR(G30="Off",G30=""),0,Settings!$B$8) -> 0 | K30: N | L30: =IF(A30="","",IF(COUNTIF(Public_Holidays!$A$4:$A$80,A30)>0,"Y","N")) -> N | M30: =IF(A30="","",IF(WEEKDAY(A30,2)=7,"Y","N")) -> N | N30: =IF(A30="","",_xludf.TEXTJOIN("; ",TRUE,IF(SUMIFS($J:$J,$C:$C,C30,$B:$B,B30)>Settings!$B$9,"Weekly ordinary hrs >45",""),IF(SUMIFS(Claims!$H:$H,Claims!$C:$C,C30,Claims!$B:$B,B30)>Settings!$B$10,"Weekly OT >10",""),IF(AND(G30<>"Off",COUNTIFS($C:$C,C30,$A:$A,A30-1,$G:$G,"Night")>0),"Rest <12h after night shift",""),IF(J30>5,"Meal interval required",""))) -> #NAME? | O30: Pending
A31: =IF(1+1<=Settings!$B$7,Settings!$B$6+1,"") -> 46144 | B31: =IF(A31="","",A31-WEEKDAY(A31,2)+1) -> 46139 | C31: =IF(Employees!A11="","",Employees!A11) -> E008 | D31: =IF(C31="","",Employees!B11) -> Tim | E31: =IF(C31="","",Employees!C11) -> D | F31: =IF(A31="","",MOD(A31-Settings!$B$6,4)+1) -> 2 | G31: =IF(C31="","",INDEX(Rotation_Pattern!$B$4:$E$7,F31,MATCH(E31,{"A","B","C","D"},0))) -> Night | H31: =IF(OR(G31="Off",G31=""),"",IF(G31="Day",TIME(6,0,0),IF(G31="Evening",TIME(14,0,0),TIME(22,0,0)))) -> 0.91666667 | I31: =IF(OR(G31="Off",G31=""),"",H31+TIME(Settings!$B$8,0,0)) -> 1.25 | J31: =IF(OR(G31="Off",G31=""),0,Settings!$B$8) -> 8 | K31: N | L31: =IF(A31="","",IF(COUNTIF(Public_Holidays!$A$4:$A$80,A31)>0,"Y","N")) -> N | M31: =IF(A31="","",IF(WEEKDAY(A31,2)=7,"Y","N")) -> N | N31: =IF(A31="","",_xludf.TEXTJOIN("; ",TRUE,IF(SUMIFS($J:$J,$C:$C,C31,$B:$B,B31)>Settings!$B$9,"Weekly ordinary hrs >45",""),IF(SUMIFS(Claims!$H:$H,Claims!$C:$C,C31,Claims!$B:$B,B31)>Settings!$B$10,"Weekly OT >10",""),IF(AND(G31<>"Off",COUNTIFS($C:$C,C31,$A:$A,A31-1,$G:$G,"Night")>0),"Rest <12h after night shift",""),IF(J31>5,"Meal interval required",""))) -> #NAME? | O31: Pending
A32: =IF(1+1<=Settings!$B$7,Settings!$B$6+1,"") -> 46144 | B32: =IF(A32="","",A32-WEEKDAY(A32,2)+1) -> 46139 | C32: =IF(Employees!A12="","",Employees!A12) -> E009 | D32: =IF(C32="","",Employees!B12) -> Frank | E32: =IF(C32="","",Employees!C12) -> A | F32: =IF(A32="","",MOD(A32-Settings!$B$6,4)+1) -> 2 | G32: =IF(C32="","",INDEX(Rotation_Pattern!$B$4:$E$7,F32,MATCH(E32,{"A","B","C","D"},0))) -> Evening | H32: =IF(OR(G32="Off",G32=""),"",IF(G32="Day",TIME(6,0,0),IF(G32="Evening",TIME(14,0,0),TIME(22,0,0)))) -> 0.58333333 | I32: =IF(OR(G32="Off",G32=""),"",H32+TIME(Settings!$B$8,0,0)) -> 0.91666667 | J32: =IF(OR(G32="Off",G32=""),0,Settings!$B$8) -> 8 | K32: N | L32: =IF(A32="","",IF(COUNTIF(Public_Holidays!$A$4:$A$80,A32)>0,"Y","N")) -> N | M32: =IF(A32="","",IF(WEEKDAY(A32,2)=7,"Y","N")) -> N | N32: =IF(A32="","",_xludf.TEXTJOIN("; ",TRUE,IF(SUMIFS($J:$J,$C:$C,C32,$B:$B,B32)>Settings!$B$9,"Weekly ordinary hrs >45",""),IF(SUMIFS(Claims!$H:$H,Claims!$C:$C,C32,Claims!$B:$B,B32)>Settings!$B$10,"Weekly OT >10",""),IF(AND(G32<>"Off",COUNTIFS($C:$C,C32,$A:$A,A32-1,$G:$G,"Night")>0),"Rest <12h after night shift",""),IF(J32>5,"Meal interval required",""))) -> #NAME? | O32: Pending
A33: =IF(1+1<=Settings!$B$7,Settings!$B$6+1,"") -> 46144 | B33: =IF(A33="","",A33-WEEKDAY(A33,2)+1) -> 46139 | C33: =IF(Employees!A13="","",Employees!A13) | D33: =IF(C33="","",Employees!B13) | E33: =IF(C33="","",Employees!C13) | F33: =IF(A33="","",MOD(A33-Settings!$B$6,4)+1) -> 2 | G33: =IF(C33="","",INDEX(Rotation_Pattern!$B$4:$E$7,F33,MATCH(E33,{"A","B","C","D"},0))) | H33: =IF(OR(G33="Off",G33=""),"",IF(G33="Day",TIME(6,0,0),IF(G33="Evening",TIME(14,0,0),TIME(22,0,0)))) | I33: =IF(OR(G33="Off",G33=""),"",H33+TIME(Settings!$B$8,0,0)) | J33: =IF(OR(G33="Off",G33=""),0,Settings!$B$8) -> 0 | K33: N | L33: =IF(A33="","",IF(COUNTIF(Public_Holidays!$A$4:$A$80,A33)>0,"Y","N")) -> N | M33: =IF(A33="","",IF(WEEKDAY(A33,2)=7,"Y","N")) -> N | N33: =IF(A33="","",_xludf.TEXTJOIN("; ",TRUE,IF(SUMIFS($J:$J,$C:$C,C33,$B:$B,B33)>Settings!$B$9,"Weekly ordinary hrs >45",""),IF(SUMIFS(Claims!$H:$H,Claims!$C:$C,C33,Claims!$B:$B,B33)>Settings!$B$10,"Weekly OT >10",""),IF(AND(G33<>"Off",COUNTIFS($C:$C,C33,$A:$A,A33-1,$G:$G,"Night")>0),"Rest <12h after night shift",""),IF(J33>5,"Meal interval required",""))) -> #NAME? | O33: Pending
A34: =IF(1+1<=Settings!$B$7,Settings!$B$6+1,"") -> 46144 | B34: =IF(A34="","",A34-WEEKDAY(A34,2)+1) -> 46139 | C34: =IF(Employees!A14="","",Employees!A14) | D34: =IF(C34="","",Employees!B14) | E34: =IF(C34="","",Employees!C14) | F34: =IF(A34="","",MOD(A34-Settings!$B$6,4)+1) -> 2 | G34: =IF(C34="","",INDEX(Rotation_Pattern!$B$4:$E$7,F34,MATCH(E34,{"A","B","C","D"},0))) | H34: =IF(OR(G34="Off",G34=""),"",IF(G34="Day",TIME(6,0,0),IF(G34="Evening",TIME(14,0,0),TIME(22,0,0)))) | I34: =IF(OR(G34="Off",G34=""),"",H34+TIME(Settings!$B$8,0,0)) | J34: =IF(OR(G34="Off",G34=""),0,Settings!$B$8) -> 0 | K34: N | L34: =IF(A34="","",IF(COUNTIF(Public_Holidays!$A$4:$A$80,A34)>0,"Y","N")) -> N | M34: =IF(A34="","",IF(WEEKDAY(A34,2)=7,"Y","N")) -> N | N34: =IF(A34="","",_xludf.TEXTJOIN("; ",TRUE,IF(SUMIFS($J:$J,$C:$C,C34,$B:$B,B34)>Settings!$B$9,"Weekly ordinary hrs >45",""),IF(SUMIFS(Claims!$H:$H,Claims!$C:$C,C34,Claims!$B:$B,B34)>Settings!$B$10,"Weekly OT >10",""),IF(AND(G34<>"Off",COUNTIFS($C:$C,C34,$A:$A,A34-1,$G:$G,"Night")>0),"Rest <12h after night shift",""),IF(J34>5,"Meal interval required",""))) -> #NAME? | O34: Pending
A35: =IF(1+1<=Settings!$B$7,Settings!$B$6+1,"") -> 46144 | B35: =IF(A35="","",A35-WEEKDAY(A35,2)+1) -> 46139 | C35: =IF(Employees!A15="","",Employees!A15) | D35: =IF(C35="","",Employees!B15) | E35: =IF(C35="","",Employees!C15) | F35: =IF(A35="","",MOD(A35-Settings!$B$6,4)+1) -> 2 | G35: =IF(C35="","",INDEX(Rotation_Pattern!$B$4:$E$7,F35,MATCH(E35,{"A","B","C","D"},0))) | H35: =IF(OR(G35="Off",G35=""),"",IF(G35="Day",TIME(6,0,0),IF(G35="Evening",TIME(14,0,0),TIME(22,0,0)))) | I35: =IF(OR(G35="Off",G35=""),"",H35+TIME(Settings!$B$8,0,0)) | J35: =IF(OR(G35="Off",G35=""),0,Settings!$B$8) -> 0 | K35: N | L35: =IF(A35="","",IF(COUNTIF(Public_Holidays!$A$4:$A$80,A35)>0,"Y","N")) -> N | M35: =IF(A35="","",IF(WEEKDAY(A35,2)=7,"Y","N")) -> N | N35: =IF(A35="","",_xludf.TEXTJOIN("; ",TRUE,IF(SUMIFS($J:$J,$C:$C,C35,$B:$B,B35)>Settings!$B$9,"Weekly ordinary hrs >45",""),IF(SUMIFS(Claims!$H:$H,Claims!$C:$C,C35,Claims!$B:$B,B35)>Settings!$B$10,"Weekly OT >10",""),IF(AND(G35<>"Off",COUNTIFS($C:$C,C35,$A:$A,A35-1,$G:$G,"Night")>0),"Rest <12h after night shift",""),IF(J35>5,"Meal interval required",""))) -> #NAME? | O35: Pending
... A43: =IF(1+1<=Settings!$B$7,Settings!$B$6+1,"") -> 46144 | B43: =IF(A43="","",A43-WEEKDAY(A43,2)+1) -> 46139 | C43: =IF(Employees!A23="","",Employees!A23) | D43: =IF(C43="","",Employees!B23) | E43: =IF(C43="","",Employees!C23) | F43: =IF(A43="","",MOD(A43-Settings!$B$6,4)+1) -> 2 | G43: =IF(C43="","",INDEX(Rotation_Pattern!$B$4:$E$7,F43,MATCH(E43,{"A","B","C","D"},0))) | H43: =IF(OR(G43="Off",G43=""),"",IF(G43="Day",TIME(6,0,0),IF(G43="Evening",TIME(14,0,0),TIME(22,0,0)))) | I43: =IF(OR(G43="Off",G43=""),"",H43+TIME(Settings!$B$8,0,0)) | J43: =IF(OR(G43="Off",G43=""),0,Settings!$B$8) -> 0 | K43: N | L43: =IF(A43="","",IF(COUNTIF(Public_Holidays!$A$4:$A$80,A43)>0,"Y","N")) -> N | M43: =IF(A43="","",IF(WEEKDAY(A43,2)=7,"Y","N")) -> N | N43: =IF(A43="","",_xludf.TEXTJOIN("; ",TRUE,IF(SUMIFS($J:$J,$C:$C,C43,$B:$B,B43)>Settings!$B$9,"Weekly ordinary hrs >45",""),IF(SUMIFS(Claims!$H:$H,Claims!$C:$C,C43,Claims!$B:$B,B43)>Settings!$B$10,"Weekly OT >10",""),IF(AND(G43<>"Off",COUNTIFS($C:$C,C43,$A:$A,A43-1,$G:$G,"Night")>0),"Rest <12h after night shift",""),IF(J43>5,"Meal interval required",""))) -> #NAME? | O43: Pending
A44: =IF(2+1<=Settings!$B$7,Settings!$B$6+2,"") -> 46145 | B44: =IF(A44="","",A44-WEEKDAY(A44,2)+1) -> 46139 | C44: =IF(Employees!A4="","",Employees!A4) -> E001 | D44: =IF(C44="","",Employees!B4) -> Musiwa Khavalani | E44: =IF(C44="","",Employees!C4) -> 0 | F44: =IF(A44="","",MOD(A44-Settings!$B$6,4)+1) -> 3 | G44: =IF(C44="","",INDEX(Rotation_Pattern!$B$4:$E$7,F44,MATCH(E44,{"A","B","C","D"},0))) -> #N/A | H44: =IF(OR(G44="Off",G44=""),"",IF(G44="Day",TIME(6,0,0),IF(G44="Evening",TIME(14,0,0),TIME(22,0,0)))) -> #N/A | I44: =IF(OR(G44="Off",G44=""),"",H44+TIME(Settings!$B$8,0,0)) -> #N/A | J44: =IF(OR(G44="Off",G44=""),0,Settings!$B$8) -> #N/A | K44: N | L44: =IF(A44="","",IF(COUNTIF(Public_Holidays!$A$4:$A$80,A44)>0,"Y","N")) -> N | M44: =IF(A44="","",IF(WEEKDAY(A44,2)=7,"Y","N")) -> Y | N44: =IF(A44="","",_xludf.TEXTJOIN("; ",TRUE,IF(SUMIFS($J:$J,$C:$C,C44,$B:$B,B44)>Settings!$B$9,"Weekly ordinary hrs >45",""),IF(SUMIFS(Claims!$H:$H,Claims!$C:$C,C44,Claims!$B:$B,B44)>Settings!$B$10,"Weekly OT >10",""),IF(AND(G44<>"Off",COUNTIFS($C:$C,C44,$A:$A,A44-1,$G:$G,"Night")>0),"Rest <12h after night shift",""),IF(J44>5,"Meal interval required",""))) -> #NAME? | O44: Pending
A45: =IF(2+1<=Settings!$B$7,Settings!$B$6+2,"") -> 46145 | B45: =IF(A45="","",A45-WEEKDAY(A45,2)+1) -> 46139 | C45: =IF(Employees!A5="","",Employees!A5) -> E002 | D45: =IF(C45="","",Employees!B5) -> Mpho Nembemhia | E45: =IF(C45="","",Employees!C5) -> B | F45: =IF(A45="","",MOD(A45-Settings!$B$6,4)+1) -> 3 | G45: =IF(C45="","",INDEX(Rotation_Pattern!$B$4:$E$7,F45,MATCH(E45,{"A","B","C","D"},0))) -> Evening | H45: =IF(OR(G45="Off",G45=""),"",IF(G45="Day",TIME(6,0,0),IF(G45="Evening",TIME(14,0,0),TIME(22,0,0)))) -> 0.58333333 | I45: =IF(OR(G45="Off",G45=""),"",H45+TIME(Settings!$B$8,0,0)) -> 0.91666667 | J45: =IF(OR(G45="Off",G45=""),0,Settings!$B$8) -> 8 | K45: N | L45: =IF(A45="","",IF(COUNTIF(Public_Holidays!$A$4:$A$80,A45)>0,"Y","N")) -> N | M45: =IF(A45="","",IF(WEEKDAY(A45,2)=7,"Y","N")) -> Y | N45: =IF(A45="","",_xludf.TEXTJOIN("; ",TRUE,IF(SUMIFS($J:$J,$C:$C,C45,$B:$B,B45)>Settings!$B$9,"Weekly ordinary hrs >45",""),IF(SUMIFS(Claims!$H:$H,Claims!$C:$C,C45,Claims!$B:$B,B45)>Settings!$B$10,"Weekly OT >10",""),IF(AND(G45<>"Off",COUNTIFS($C:$C,C45,$A:$A,A45-1,$G:$G,"Night")>0),"Rest <12h after night shift",""),IF(J45>5,"Meal interval required",""))) -> #NAME? | O45: Pending
A46: =IF(2+1<=Settings!$B$7,Settings!$B$6+2,"") -> 46145 | B46: =IF(A46="","",A46-WEEKDAY(A46,2)+1) -> 46139 | C46: =IF(Employees!A6="","",Employees!A6) -> E003 | D46: =IF(C46="","",Employees!B6) -> Dimpho Makhafola | E46: =IF(C46="","",Employees!C6) -> C | F46: =IF(A46="","",MOD(A46-Settings!$B$6,4)+1) -> 3 | G46: =IF(C46="","",INDEX(Rotation_Pattern!$B$4:$E$7,F46,MATCH(E46,{"A","B","C","D"},0))) -> Day | H46: =IF(OR(G46="Off",G46=""),"",IF(G46="Day",TIME(6,0,0),IF(G46="Evening",TIME(14,0,0),TIME(22,0,0)))) -> 0.25 | I46: =IF(OR(G46="Off",G46=""),"",H46+TIME(Settings!$B$8,0,0)) -> 0.58333333 | J46: =IF(OR(G46="Off",G46=""),0,Settings!$B$8) -> 8 | K46: N | L46: =IF(A46="","",IF(COUNTIF(Public_Holidays!$A$4:$A$80,A46)>0,"Y","N")) -> N | M46: =IF(A46="","",IF(WEEKDAY(A46,2)=7,"Y","N")) -> Y | N46: =IF(A46="","",_xludf.TEXTJOIN("; ",TRUE,IF(SUMIFS($J:$J,$C:$C,C46,$B:$B,B46)>Settings!$B$9,"Weekly ordinary hrs >45",""),IF(SUMIFS(Claims!$H:$H,Claims!$C:$C,C46,Claims!$B:$B,B46)>Settings!$B$10,"Weekly OT >10",""),IF(AND(G46<>"Off",COUNTIFS($C:$C,C46,$A:$A,A46-1,$G:$G,"Night")>0),"Rest <12h after night shift",""),IF(J46>5,"Meal interval required",""))) -> #NAME? | O46: Pending
A47: =IF(2+1<=Settings!$B$7,Settings!$B$6+2,"") -> 46145 | B47: =IF(A47="","",A47-WEEKDAY(A47,2)+1) -> 46139 | C47: =IF(Employees!A7="","",Employees!A7) -> E004 | D47: =IF(C47="","",Employees!B7) -> Bashii Fall | E47: =IF(C47="","",Employees!C7) -> D | F47: =IF(A47="","",MOD(A47-Settings!$B$6,4)+1) -> 3 | G47: =IF(C47="","",INDEX(Rotation_Pattern!$B$4:$E$7,F47,MATCH(E47,{"A","B","C","D"},0))) -> Off | H47: =IF(OR(G47="Off",G47=""),"",IF(G47="Day",TIME(6,0,0),IF(G47="Evening",TIME(14,0,0),TIME(22,0,0)))) | I47: =IF(OR(G47="Off",G47=""),"",H47+TIME(Settings!$B$8,0,0)) | J47: =IF(OR(G47="Off",G47=""),0,Settings!$B$8) -> 0 | K47: N | L47: =IF(A47="","",IF(COUNTIF(Public_Holidays!$A$4:$A$80,A47)>0,"Y","N")) -> N | M47: =IF(A47="","",IF(WEEKDAY(A47,2)=7,"Y","N")) -> Y | N47: =IF(A47="","",_xludf.TEXTJOIN("; ",TRUE,IF(SUMIFS($J:$J,$C:$C,C47,$B:$B,B47)>Settings!$B$9,"Weekly ordinary hrs >45",""),IF(SUMIFS(Claims!$H:$H,Claims!$C:$C,C47,Claims!$B:$B,B47)>Settings!$B$10,"Weekly OT >10",""),IF(AND(G47<>"Off",COUNTIFS($C:$C,C47,$A:$A,A47-1,$G:$G,"Night")>0),"Rest <12h after night shift",""),IF(J47>5,"Meal interval required",""))) -> #NAME? | O47: Pending
A48: =IF(2+1<=Settings!$B$7,Settings!$B$6+2,"") -> 46145 | B48: =IF(A48="","",A48-WEEKDAY(A48,2)+1) -> 46139 | C48: =IF(Employees!A8="","",Employees!A8) -> E005 | D48: =IF(C48="","",Employees!B8) -> Lesego Aphane | E48: =IF(C48="","",Employees!C8) -> A | F48: =IF(A48="","",MOD(A48-Settings!$B$6,4)+1) -> 3 | G48: =IF(C48="","",INDEX(Rotation_Pattern!$B$4:$E$7,F48,MATCH(E48,{"A","B","C","D"},0))) -> Night | H48: =IF(OR(G48="Off",G48=""),"",IF(G48="Day",TIME(6,0,0),IF(G48="Evening",TIME(14,0,0),TIME(22,0,0)))) -> 0.91666667 | I48: =IF(OR(G48="Off",G48=""),"",H48+TIME(Settings!$B$8,0,0)) -> 1.25 | J48: =IF(OR(G48="Off",G48=""),0,Settings!$B$8) -> 8 | K48: N | L48: =IF(A48="","",IF(COUNTIF(Public_Holidays!$A$4:$A$80,A48)>0,"Y","N")) -> N | M48: =IF(A48="","",IF(WEEKDAY(A48,2)=7,"Y","N")) -> Y | N48: =IF(A48="","",_xludf.TEXTJOIN("; ",TRUE,IF(SUMIFS($J:$J,$C:$C,C48,$B:$B,B48)>Settings!$B$9,"Weekly ordinary hrs >45",""),IF(SUMIFS(Claims!$H:$H,Claims!$C:$C,C48,Claims!$B:$B,B48)>Settings!$B$10,"Weekly OT >10",""),IF(AND(G48<>"Off",COUNTIFS($C:$C,C48,$A:$A,A48-1,$G:$G,"Night")>0),"Rest <12h after night shift",""),IF(J48>5,"Meal interval required",""))) -> #NAME? | O48: Pending
A49: =IF(2+1<=Settings!$B$7,Settings!$B$6+2,"") -> 46145 | B49: =IF(A49="","",A49-WEEKDAY(A49,2)+1) -> 46139 | C49: =IF(Employees!A9="","",Employees!A9) -> E006 | D49: =IF(C49="","",Employees!B9) -> Nhalnahla | E49: =IF(C49="","",Employees!C9) -> B | F49: =IF(A49="","",MOD(A49-Settings!$B$6,4)+1) -> 3 | G49: =IF(C49="","",INDEX(Rotation_Pattern!$B$4:$E$7,F49,MATCH(E49,{"A","B","C","D"},0))) -> Evening | H49: =IF(OR(G49="Off",G49=""),"",IF(G49="Day",TIME(6,0,0),IF(G49="Evening",TIME(14,0,0),TIME(22,0,0)))) -> 0.58333333 | I49: =IF(OR(G49="Off",G49=""),"",H49+TIME(Settings!$B$8,0,0)) -> 0.91666667 | J49: =IF(OR(G49="Off",G49=""),0,Settings!$B$8) -> 8 | K49: N | L49: =IF(A49="","",IF(COUNTIF(Public_Holidays!$A$4:$A$80,A49)>0,"Y","N")) -> N | M49: =IF(A49="","",IF(WEEKDAY(A49,2)=7,"Y","N")) -> Y | N49: =IF(A49="","",_xludf.TEXTJOIN("; ",TRUE,IF(SUMIFS($J:$J,$C:$C,C49,$B:$B,B49)>Settings!$B$9,"Weekly ordinary hrs >45",""),IF(SUMIFS(Claims!$H:$H,Claims!$C:$C,C49,Claims!$B:$B,B49)>Settings!$B$10,"Weekly OT >10",""),IF(AND(G49<>"Off",COUNTIFS($C:$C,C49,$A:$A,A49-1,$G:$G,"Night")>0),"Rest <12h after night shift",""),IF(J49>5,"Meal interval required",""))) -> #NAME? | O49: Pending
A50: =IF(2+1<=Settings!$B$7,Settings!$B$6+2,"") -> 46145 | B50: =IF(A50="","",A50-WEEKDAY(A50,2)+1) -> 46139 | C50: =IF(Employees!A10="","",Employees!A10) -> E007 | D50: =IF(C50="","",Employees!B10) -> Joe | E50: =IF(C50="","",Employees!C10) -> C | F50: =IF(A50="","",MOD(A50-Settings!$B$6,4)+1) -> 3 | G50: =IF(C50="","",INDEX(Rotation_Pattern!$B$4:$E$7,F50,MATCH(E50,{"A","B","C","D"},0))) -> Day | H50: =IF(OR(G50="Off",G50=""),"",IF(G50="Day",TIME(6,0,0),IF(G50="Evening",TIME(14,0,0),TIME(22,0,0)))) -> 0.25 | I50: =IF(OR(G50="Off",G50=""),"",H50+TIME(Settings!$B$8,0,0)) -> 0.58333333 | J50: =IF(OR(G50="Off",G50=""),0,Settings!$B$8) -> 8 | K50: N | L50: =IF(A50="","",IF(COUNTIF(Public_Holidays!$A$4:$A$80,A50)>0,"Y","N")) -> N | M50: =IF(A50="","",IF(WEEKDAY(A50,2)=7,"Y","N")) -> Y | N50: =IF(A50="","",_xludf.TEXTJOIN("; ",TRUE,IF(SUMIFS($J:$J,$C:$C,C50,$B:$B,B50)>Settings!$B$9,"Weekly ordinary hrs >45",""),IF(SUMIFS(Claims!$H:$H,Claims!$C:$C,C50,Claims!$B:$B,B50)>Settings!$B$10,"Weekly OT >10",""),IF(AND(G50<>"Off",COUNTIFS($C:$C,C50,$A:$A,A50-1,$G:$G,"Night")>0),"Rest <12h after night shift",""),IF(J50>5,"Meal interval required",""))) -> #NAME? | O50: Pending
A51: =IF(2+1<=Settings!$B$7,Settings!$B$6+2,"") -> 46145 | B51: =IF(A51="","",A51-WEEKDAY(A51,2)+1) -> 46139 | C51: =IF(Employees!A11="","",Employees!A11) -> E008 | D51: =IF(C51="","",Employees!B11) -> Tim | E51: =IF(C51="","",Employees!C11) -> D | F51: =IF(A51="","",MOD(A51-Settings!$B$6,4)+1) -> 3 | G51: =IF(C51="","",INDEX(Rotation_Pattern!$B$4:$E$7,F51,MATCH(E51,{"A","B","C","D"},0))) -> Off | H51: =IF(OR(G51="Off",G51=""),"",IF(G51="Day",TIME(6,0,0),IF(G51="Evening",TIME(14,0,0),TIME(22,0,0)))) | I51: =IF(OR(G51="Off",G51=""),"",H51+TIME(Settings!$B$8,0,0)) | J51: =IF(OR(G51="Off",G51=""),0,Settings!$B$8) -> 0 | K51: N | L51: =IF(A51="","",IF(COUNTIF(Public_Holidays!$A$4:$A$80,A51)>0,"Y","N")) -> N | M51: =IF(A51="","",IF(WEEKDAY(A51,2)=7,"Y","N")) -> Y | N51: =IF(A51="","",_xludf.TEXTJOIN("; ",TRUE,IF(SUMIFS($J:$J,$C:$C,C51,$B:$B,B51)>Settings!$B$9,"Weekly ordinary hrs >45",""),IF(SUMIFS(Claims!$H:$H,Claims!$C:$C,C51,Claims!$B:$B,B51)>Settings!$B$10,"Weekly OT >10",""),IF(AND(G51<>"Off",COUNTIFS($C:$C,C51,$A:$A,A51-1,$G:$G,"Night")>0),"Rest <12h after night shift",""),IF(J51>5,"Meal interval required",""))) -> #NAME? | O51: Pending
A52: =IF(2+1<=Settings!$B$7,Settings!$B$6+2,"") -> 46145 | B52: =IF(A52="","",A52-WEEKDAY(A52,2)+1) -> 46139 | C52: =IF(Employees!A12="","",Employees!A12) -> E009 | D52: =IF(C52="","",Employees!B12) -> Frank | E52: =IF(C52="","",Employees!C12) -> A | F52: =IF(A52="","",MOD(A52-Settings!$B$6,4)+1) -> 3 | G52: =IF(C52="","",INDEX(Rotation_Pattern!$B$4:$E$7,F52,MATCH(E52,{"A","B","C","D"},0))) -> Night | H52: =IF(OR(G52="Off",G52=""),"",IF(G52="Day",TIME(6,0,0),IF(G52="Evening",TIME(14,0,0),TIME(22,0,0)))) -> 0.91666667 | I52: =IF(OR(G52="Off",G52=""),"",H52+TIME(Settings!$B$8,0,0)) -> 1.25 | J52: =IF(OR(G52="Off",G52=""),0,Settings!$B$8) -> 8 | K52: N | L52: =IF(A52="","",IF(COUNTIF(Public_Holidays!$A$4:$A$80,A52)>0,"Y","N")) -> N | M52: =IF(A52="","",IF(WEEKDAY(A52,2)=7,"Y","N")) -> Y | N52: =IF(A52="","",_xludf.TEXTJOIN("; ",TRUE,IF(SUMIFS($J:$J,$C:$C,C52,$B:$B,B52)>Settings!$B$9,"Weekly ordinary hrs >45",""),IF(SUMIFS(Claims!$H:$H,Claims!$C:$C,C52,Claims!$B:$B,B52)>Settings!$B$10,"Weekly OT >10",""),IF(AND(G52<>"Off",COUNTIFS($C:$C,C52,$A:$A,A52-1,$G:$G,"Night")>0),"Rest <12h after night shift",""),IF(J52>5,"Meal interval required",""))) -> #NAME? | O52: Pending
A53: =IF(2+1<=Settings!$B$7,Settings!$B$6+2,"") -> 46145 | B53: =IF(A53="","",A53-WEEKDAY(A53,2)+1) -> 46139 | C53: =IF(Employees!A13="","",Employees!A13) | D53: =IF(C53="","",Employees!B13) | E53: =IF(C53="","",Employees!C13) | F53: =IF(A53="","",MOD(A53-Settings!$B$6,4)+1) -> 3 | G53: =IF(C53="","",INDEX(Rotation_Pattern!$B$4:$E$7,F53,MATCH(E53,{"A","B","C","D"},0))) | H53: =IF(OR(G53="Off",G53=""),"",IF(G53="Day",TIME(6,0,0),IF(G53="Evening",TIME(14,0,0),TIME(22,0,0)))) | I53: =IF(OR(G53="Off",G53=""),"",H53+TIME(Settings!$B$8,0,0)) | J53: =IF(OR(G53="Off",G53=""),0,Settings!$B$8) -> 0 | K53: N | L53: =IF(A53="","",IF(COUNTIF(Public_Holidays!$A$4:$A$80,A53)>0,"Y","N")) -> N | M53: =IF(A53="","",IF(WEEKDAY(A53,2)=7,"Y","N")) -> Y | N53: =IF(A53="","",_xludf.TEXTJOIN("; ",TRUE,IF(SUMIFS($J:$J,$C:$C,C53,$B:$B,B53)>Settings!$B$9,"Weekly ordinary hrs >45",""),IF(SUMIFS(Claims!$H:$H,Claims!$C:$C,C53,Claims!$B:$B,B53)>Settings!$B$10,"Weekly OT >10",""),IF(AND(G53<>"Off",COUNTIFS($C:$C,C53,$A:$A,A53-1,$G:$G,"Night")>0),"Rest <12h after night shift",""),IF(J53>5,"Meal interval required",""))) -> #NAME? | O53: Pending
A54: =IF(2+1<=Settings!$B$7,Settings!$B$6+2,"") -> 46145 | B54: =IF(A54="","",A54-WEEKDAY(A54,2)+1) -> 46139 | C54: =IF(Employees!A14="","",Employees!A14) | D54: =IF(C54="","",Employees!B14) | E54: =IF(C54="","",Employees!C14) | F54: =IF(A54="","",MOD(A54-Settings!$B$6,4)+1) -> 3 | G54: =IF(C54="","",INDEX(Rotation_Pattern!$B$4:$E$7,F54,MATCH(E54,{"A","B","C","D"},0))) | H54: =IF(OR(G54="Off",G54=""),"",IF(G54="Day",TIME(6,0,0),IF(G54="Evening",TIME(14,0,0),TIME(22,0,0)))) | I54: =IF(OR(G54="Off",G54=""),"",H54+TIME(Settings!$B$8,0,0)) | J54: =IF(OR(G54="Off",G54=""),0,Settings!$B$8) -> 0 | K54: N | L54: =IF(A54="","",IF(COUNTIF(Public_Holidays!$A$4:$A$80,A54)>0,"Y","N")) -> N | M54: =IF(A54="","",IF(WEEKDAY(A54,2)=7,"Y","N")) -> Y | N54: =IF(A54="","",_xludf.TEXTJOIN("; ",TRUE,IF(SUMIFS($J:$J,$C:$C,C54,$B:$B,B54)>Settings!$B$9,"Weekly ordinary hrs >45",""),IF(SUMIFS(Claims!$H:$H,Claims!$C:$C,C54,Claims!$B:$B,B54)>Settings!$B$10,"Weekly OT >10",""),IF(AND(G54<>"Off",COUNTIFS($C:$C,C54,$A:$A,A54-1,$G:$G,"Night")>0),"Rest <12h after night shift",""),IF(J54>5,"Meal interval required",""))) -> #NAME? | O54: Pending
A55: =IF(2+1<=Settings!$B$7,Settings!$B$6+2,"") -> 46145 | B55: =IF(A55="","",A55-WEEKDAY(A55,2)+1) -> 46139 | C55: =IF(Employees!A15="","",Employees!A15) | D55: =IF(C55="","",Employees!B15) | E55: =IF(C55="","",Employees!C15) | F55: =IF(A55="","",MOD(A55-Settings!$B$6,4)+1) -> 3 | G55: =IF(C55="","",INDEX(Rotation_Pattern!$B$4:$E$7,F55,MATCH(E55,{"A","B","C","D"},0))) | H55: =IF(OR(G55="Off",G55=""),"",IF(G55="Day",TIME(6,0,0),IF(G55="Evening",TIME(14,0,0),TIME(22,0,0)))) | I55: =IF(OR(G55="Off",G55=""),"",H55+TIME(Settings!$B$8,0,0)) | J55: =IF(OR(G55="Off",G55=""),0,Settings!$B$8) -> 0 | K55: N | L55: =IF(A55="","",IF(COUNTIF(Public_Holidays!$A$4:$A$80,A55)>0,"Y","N")) -> N | M55: =IF(A55="","",IF(WEEKDAY(A55,2)=7,"Y","N")) -> Y | N55: =IF(A55="","",_xludf.TEXTJOIN("; ",TRUE,IF(SUMIFS($J:$J,$C:$C,C55,$B:$B,B55)>Settings!$B$9,"Weekly ordinary hrs >45",""),IF(SUMIFS(Claims!$H:$H,Claims!$C:$C,C55,Claims!$B:$B,B55)>Settings!$B$10,"Weekly OT >10",""),IF(AND(G55<>"Off",COUNTIFS($C:$C,C55,$A:$A,A55-1,$G:$G,"Night")>0),"Rest <12h after night shift",""),IF(J55>5,"Meal interval required",""))) -> #NAME? | O55: Pending
... A63: =IF(2+1<=Settings!$B$7,Settings!$B$6+2,"") -> 46145 | B63: =IF(A63="","",A63-WEEKDAY(A63,2)+1) -> 46139 | C63: =IF(Employees!A23="","",Employees!A23) | D63: =IF(C63="","",Employees!B23) | E63: =IF(C63="","",Employees!C23) | F63: =IF(A63="","",MOD(A63-Settings!$B$6,4)+1) -> 3 | G63: =IF(C63="","",INDEX(Rotation_Pattern!$B$4:$E$7,F63,MATCH(E63,{"A","B","C","D"},0))) | H63: =IF(OR(G63="Off",G63=""),"",IF(G63="Day",TIME(6,0,0),IF(G63="Evening",TIME(14,0,0),TIME(22,0,0)))) | I63: =IF(OR(G63="Off",G63=""),"",H63+TIME(Settings!$B$8,0,0)) | J63: =IF(OR(G63="Off",G63=""),0,Settings!$B$8) -> 0 | K63: N | L63: =IF(A63="","",IF(COUNTIF(Public_Holidays!$A$4:$A$80,A63)>0,"Y","N")) -> N | M63: =IF(A63="","",IF(WEEKDAY(A63,2)=7,"Y","N")) -> Y | N63: =IF(A63="","",_xludf.TEXTJOIN("; ",TRUE,IF(SUMIFS($J:$J,$C:$C,C63,$B:$B,B63)>Settings!$B$9,"Weekly ordinary hrs >45",""),IF(SUMIFS(Claims!$H:$H,Claims!$C:$C,C63,Claims!$B:$B,B63)>Settings!$B$10,"Weekly OT >10",""),IF(AND(G63<>"Off",COUNTIFS($C:$C,C63,$A:$A,A63-1,$G:$G,"Night")>0),"Rest <12h after night shift",""),IF(J63>5,"Meal interval required",""))) -> #NAME? | O63: Pending
A64: =IF(3+1<=Settings!$B$7,Settings!$B$6+3,"") -> 46146 | B64: =IF(A64="","",A64-WEEKDAY(A64,2)+1) -> 46146 | C64: =IF(Employees!A4="","",Employees!A4) -> E001 | D64: =IF(C64="","",Employees!B4) -> Musiwa Khavalani | E64: =IF(C64="","",Employees!C4) -> 0 | F64: =IF(A64="","",MOD(A64-Settings!$B$6,4)+1) -> 4 | G64: =IF(C64="","",INDEX(Rotation_Pattern!$B$4:$E$7,F64,MATCH(E64,{"A","B","C","D"},0))) -> #N/A | H64: =IF(OR(G64="Off",G64=""),"",IF(G64="Day",TIME(6,0,0),IF(G64="Evening",TIME(14,0,0),TIME(22,0,0)))) -> #N/A | I64: =IF(OR(G64="Off",G64=""),"",H64+TIME(Settings!$B$8,0,0)) -> #N/A | J64: =IF(OR(G64="Off",G64=""),0,Settings!$B$8) -> #N/A | K64: N | L64: =IF(A64="","",IF(COUNTIF(Public_Holidays!$A$4:$A$80,A64)>0,"Y","N")) -> N | M64: =IF(A64="","",IF(WEEKDAY(A64,2)=7,"Y","N")) -> N | N64: =IF(A64="","",_xludf.TEXTJOIN("; ",TRUE,IF(SUMIFS($J:$J,$C:$C,C64,$B:$B,B64)>Settings!$B$9,"Weekly ordinary hrs >45",""),IF(SUMIFS(Claims!$H:$H,Claims!$C:$C,C64,Claims!$B:$B,B64)>Settings!$B$10,"Weekly OT >10",""),IF(AND(G64<>"Off",COUNTIFS($C:$C,C64,$A:$A,A64-1,$G:$G,"Night")>0),"Rest <12h after night shift",""),IF(J64>5,"Meal interval required",""))) -> #NAME? | O64: Pending
A65: =IF(3+1<=Settings!$B$7,Settings!$B$6+3,"") -> 46146 | B65: =IF(A65="","",A65-WEEKDAY(A65,2)+1) -> 46146 | C65: =IF(Employees!A5="","",Employees!A5) -> E002 | D65: =IF(C65="","",Employees!B5) -> Mpho Nembemhia | E65: =IF(C65="","",Employees!C5) -> B | F65: =IF(A65="","",MOD(A65-Settings!$B$6,4)+1) -> 4 | G65: =IF(C65="","",INDEX(Rotation_Pattern!$B$4:$E$7,F65,MATCH(E65,{"A","B","C","D"},0))) -> Night | H65: =IF(OR(G65="Off",G65=""),"",IF(G65="Day",TIME(6,0,0),IF(G65="Evening",TIME(14,0,0),TIME(22,0,0)))) -> 0.91666667 | I65: =IF(OR(G65="Off",G65=""),"",H65+TIME(Settings!$B$8,0,0)) -> 1.25 | J65: =IF(OR(G65="Off",G65=""),0,Settings!$B$8) -> 8 | K65: N | L65: =IF(A65="","",IF(COUNTIF(Public_Holidays!$A$4:$A$80,A65)>0,"Y","N")) -> N | M65: =IF(A65="","",IF(WEEKDAY(A65,2)=7,"Y","N")) -> N | N65: =IF(A65="","",_xludf.TEXTJOIN("; ",TRUE,IF(SUMIFS($J:$J,$C:$C,C65,$B:$B,B65)>Settings!$B$9,"Weekly ordinary hrs >45",""),IF(SUMIFS(Claims!$H:$H,Claims!$C:$C,C65,Claims!$B:$B,B65)>Settings!$B$10,"Weekly OT >10",""),IF(AND(G65<>"Off",COUNTIFS($C:$C,C65,$A:$A,A65-1,$G:$G,"Night")>0),"Rest <12h after night shift",""),IF(J65>5,"Meal interval required",""))) -> #NAME? | O65: Pending
A66: =IF(3+1<=Settings!$B$7,Settings!$B$6+3,"") -> 46146 | B66: =IF(A66="","",A66-WEEKDAY(A66,2)+1) -> 46146 | C66: =IF(Employees!A6="","",Employees!A6) -> E003 | D66: =IF(C66="","",Employees!B6) -> Dimpho Makhafola | E66: =IF(C66="","",Employees!C6) -> C | F66: =IF(A66="","",MOD(A66-Settings!$B$6,4)+1) -> 4 | G66: =IF(C66="","",INDEX(Rotation_Pattern!$B$4:$E$7,F66,MATCH(E66,{"A","B","C","D"},0))) -> Evening | H66: =IF(OR(G66="Off",G66=""),"",IF(G66="Day",TIME(6,0,0),IF(G66="Evening",TIME(14,0,0),TIME(22,0,0)))) -> 0.58333333 | I66: =IF(OR(G66="Off",G66=""),"",H66+TIME(Settings!$B$8,0,0)) -> 0.91666667 | J66: =IF(OR(G66="Off",G66=""),0,Settings!$B$8) -> 8 | K66: N | L66: =IF(A66="","",IF(COUNTIF(Public_Holidays!$A$4:$A$80,A66)>0,"Y","N")) -> N | M66: =IF(A66="","",IF(WEEKDAY(A66,2)=7,"Y","N")) -> N | N66: =IF(A66="","",_xludf.TEXTJOIN("; ",TRUE,IF(SUMIFS($J:$J,$C:$C,C66,$B:$B,B66)>Settings!$B$9,"Weekly ordinary hrs >45",""),IF(SUMIFS(Claims!$H:$H,Claims!$C:$C,C66,Claims!$B:$B,B66)>Settings!$B$10,"Weekly OT >10",""),IF(AND(G66<>"Off",COUNTIFS($C:$C,C66,$A:$A,A66-1,$G:$G,"Night")>0),"Rest <12h after night shift",""),IF(J66>5,"Meal interval required",""))) -> #NAME? | O66: Pending
A67: =IF(3+1<=Settings!$B$7,Settings!$B$6+3,"") -> 46146 | B67: =IF(A67="","",A67-WEEKDAY(A67,2)+1) -> 46146 | C67: =IF(Employees!A7="","",Employees!A7) -> E004 | D67: =IF(C67="","",Employees!B7) -> Bashii Fall | E67: =IF(C67="","",Employees!C7) -> D | F67: =IF(A67="","",MOD(A67-Settings!$B$6,4)+1) -> 4 | G67: =IF(C67="","",INDEX(Rotation_Pattern!$B$4:$E$7,F67,MATCH(E67,{"A","B","C","D"},0))) -> Day | H67: =IF(OR(G67="Off",G67=""),"",IF(G67="Day",TIME(6,0,0),IF(G67="Evening",TIME(14,0,0),TIME(22,0,0)))) -> 0.25 | I67: =IF(OR(G67="Off",G67=""),"",H67+TIME(Settings!$B$8,0,0)) -> 0.58333333 | J67: =IF(OR(G67="Off",G67=""),0,Settings!$B$8) -> 8 | K67: N | L67: =IF(A67="","",IF(COUNTIF(Public_Holidays!$A$4:$A$80,A67)>0,"Y","N")) -> N | M67: =IF(A67="","",IF(WEEKDAY(A67,2)=7,"Y","N")) -> N | N67: =IF(A67="","",_xludf.TEXTJOIN("; ",TRUE,IF(SUMIFS($J:$J,$C:$C,C67,$B:$B,B67)>Settings!$B$9,"Weekly ordinary hrs >45",""),IF(SUMIFS(Claims!$H:$H,Claims!$C:$C,C67,Claims!$B:$B,B67)>Settings!$B$10,"Weekly OT >10",""),IF(AND(G67<>"Off",COUNTIFS($C:$C,C67,$A:$A,A67-1,$G:$G,"Night")>0),"Rest <12h after night shift",""),IF(J67>5,"Meal interval required",""))) -> #NAME? | O67: Pending
A68: =IF(3+1<=Settings!$B$7,Settings!$B$6+3,"") -> 46146 | B68: =IF(A68="","",A68-WEEKDAY(A68,2)+1) -> 46146 | C68: =IF(Employees!A8="","",Employees!A8) -> E005 | D68: =IF(C68="","",Employees!B8) -> Lesego Aphane | E68: =IF(C68="","",Employees!C8) -> A | F68: =IF(A68="","",MOD(A68-Settings!$B$6,4)+1) -> 4 | G68: =IF(C68="","",INDEX(Rotation_Pattern!$B$4:$E$7,F68,MATCH(E68,{"A","B","C","D"},0))) -> Off | H68: =IF(OR(G68="Off",G68=""),"",IF(G68="Day",TIME(6,0,0),IF(G68="Evening",TIME(14,0,0),TIME(22,0,0)))) | I68: =IF(OR(G68="Off",G68=""),"",H68+TIME(Settings!$B$8,0,0)) | J68: =IF(OR(G68="Off",G68=""),0,Settings!$B$8) -> 0 | K68: N | L68: =IF(A68="","",IF(COUNTIF(Public_Holidays!$A$4:$A$80,A68)>0,"Y","N")) -> N | M68: =IF(A68="","",IF(WEEKDAY(A68,2)=7,"Y","N")) -> N | N68: =IF(A68="","",_xludf.TEXTJOIN("; ",TRUE,IF(SUMIFS($J:$J,$C:$C,C68,$B:$B,B68)>Settings!$B$9,"Weekly ordinary hrs >45",""),IF(SUMIFS(Claims!$H:$H,Claims!$C:$C,C68,Claims!$B:$B,B68)>Settings!$B$10,"Weekly OT >10",""),IF(AND(G68<>"Off",COUNTIFS($C:$C,C68,$A:$A,A68-1,$G:$G,"Night")>0),"Rest <12h after night shift",""),IF(J68>5,"Meal interval required",""))) -> #NAME? | O68: Pending
A69: =IF(3+1<=Settings!$B$7,Settings!$B$6+3,"") -> 46146 | B69: =IF(A69="","",A69-WEEKDAY(A69,2)+1) -> 46146 | C69: =IF(Employees!A9="","",Employees!A9) -> E006 | D69: =IF(C69="","",Employees!B9) -> Nhalnahla | E69: =IF(C69="","",Employees!C9) -> B | F69: =IF(A69="","",MOD(A69-Settings!$B$6,4)+1) -> 4 | G69: =IF(C69="","",INDEX(Rotation_Pattern!$B$4:$E$7,F69,MATCH(E69,{"A","B","C","D"},0))) -> Night | H69: =IF(OR(G69="Off",G69=""),"",IF(G69="Day",TIME(6,0,0),IF(G69="Evening",TIME(14,0,0),TIME(22,0,0)))) -> 0.91666667 | I69: =IF(OR(G69="Off",G69=""),"",H69+TIME(Settings!$B$8,0,0)) -> 1.25 | J69: =IF(OR(G69="Off",G69=""),0,Settings!$B$8) -> 8 | K69: N | L69: =IF(A69="","",IF(COUNTIF(Public_Holidays!$A$4:$A$80,A69)>0,"Y","N")) -> N | M69: =IF(A69="","",IF(WEEKDAY(A69,2)=7,"Y","N")) -> N | N69: =IF(A69="","",_xludf.TEXTJOIN("; ",TRUE,IF(SUMIFS($J:$J,$C:$C,C69,$B:$B,B69)>Settings!$B$9,"Weekly ordinary hrs >45",""),IF(SUMIFS(Claims!$H:$H,Claims!$C:$C,C69,Claims!$B:$B,B69)>Settings!$B$10,"Weekly OT >10",""),IF(AND(G69<>"Off",COUNTIFS($C:$C,C69,$A:$A,A69-1,$G:$G,"Night")>0),"Rest <12h after night shift",""),IF(J69>5,"Meal interval required",""))) -> #NAME? | O69: Pending
A70: =IF(3+1<=Settings!$B$7,Settings!$B$6+3,"") -> 46146 | B70: =IF(A70="","",A70-WEEKDAY(A70,2)+1) -> 46146 | C70: =IF(Employees!A10="","",Employees!A10) -> E007 | D70: =IF(C70="","",Employees!B10) -> Joe | E70: =IF(C70="","",Employees!C10) -> C | F70: =IF(A70="","",MOD(A70-Settings!$B$6,4)+1) -> 4 | G70: =IF(C70="","",INDEX(Rotation_Pattern!$B$4:$E$7,F70,MATCH(E70,{"A","B","C","D"},0))) -> Evening | H70: =IF(OR(G70="Off",G70=""),"",IF(G70="Day",TIME(6,0,0),IF(G70="Evening",TIME(14,0,0),TIME(22,0,0)))) -> 0.58333333 | I70: =IF(OR(G70="Off",G70=""),"",H70+TIME(Settings!$B$8,0,0)) -> 0.91666667 | J70: =IF(OR(G70="Off",G70=""),0,Settings!$B$8) -> 8 | K70: N | L70: =IF(A70="","",IF(COUNTIF(Public_Holidays!$A$4:$A$80,A70)>0,"Y","N")) -> N | M70: =IF(A70="","",IF(WEEKDAY(A70,2)=7,"Y","N")) -> N | N70: =IF(A70="","",_xludf.TEXTJOIN("; ",TRUE,IF(SUMIFS($J:$J,$C:$C,C70,$B:$B,B70)>Settings!$B$9,"Weekly ordinary hrs >45",""),IF(SUMIFS(Claims!$H:$H,Claims!$C:$C,C70,Claims!$B:$B,B70)>Settings!$B$10,"Weekly OT >10",""),IF(AND(G70<>"Off",COUNTIFS($C:$C,C70,$A:$A,A70-1,$G:$G,"Night")>0),"Rest <12h after night shift",""),IF(J70>5,"Meal interval required",""))) -> #NAME? | O70: Pending
A71: =IF(3+1<=Settings!$B$7,Settings!$B$6+3,"") -> 46146 | B71: =IF(A71="","",A71-WEEKDAY(A71,2)+1) -> 46146 | C71: =IF(Employees!A11="","",Employees!A11) -> E008 | D71: =IF(C71="","",Employees!B11) -> Tim | E71: =IF(C71="","",Employees!C11) -> D | F71: =IF(A71="","",MOD(A71-Settings!$B$6,4)+1) -> 4 | G71: =IF(C71="","",INDEX(Rotation_Pattern!$B$4:$E$7,F71,MATCH(E71,{"A","B","C","D"},0))) -> Day | H71: =IF(OR(G71="Off",G71=""),"",IF(G71="Day",TIME(6,0,0),IF(G71="Evening",TIME(14,0,0),TIME(22,0,0)))) -> 0.25 | I71: =IF(OR(G71="Off",G71=""),"",H71+TIME(Settings!$B$8,0,0)) -> 0.58333333 | J71: =IF(OR(G71="Off",G71=""),0,Settings!$B$8) -> 8 | K71: N | L71: =IF(A71="","",IF(COUNTIF(Public_Holidays!$A$4:$A$80,A71)>0,"Y","N")) -> N | M71: =IF(A71="","",IF(WEEKDAY(A71,2)=7,"Y","N")) -> N | N71: =IF(A71="","",_xludf.TEXTJOIN("; ",TRUE,IF(SUMIFS($J:$J,$C:$C,C71,$B:$B,B71)>Settings!$B$9,"Weekly ordinary hrs >45",""),IF(SUMIFS(Claims!$H:$H,Claims!$C:$C,C71,Claims!$B:$B,B71)>Settings!$B$10,"Weekly OT >10",""),IF(AND(G71<>"Off",COUNTIFS($C:$C,C71,$A:$A,A71-1,$G:$G,"Night")>0),"Rest <12h after night shift",""),IF(J71>5,"Meal interval required",""))) -> #NAME? | O71: Pending
A72: =IF(3+1<=Settings!$B$7,Settings!$B$6+3,"") -> 46146 | B72: =IF(A72="","",A72-WEEKDAY(A72,2)+1) -> 46146 | C72: =IF(Employees!A12="","",Employees!A12) -> E009 | D72: =IF(C72="","",Employees!B12) -> Frank | E72: =IF(C72="","",Employees!C12) -> A | F72: =IF(A72="","",MOD(A72-Settings!$B$6,4)+1) -> 4 | G72: =IF(C72="","",INDEX(Rotation_Pattern!$B$4:$E$7,F72,MATCH(E72,{"A","B","C","D"},0))) -> Off | H72: =IF(OR(G72="Off",G72=""),"",IF(G72="Day",TIME(6,0,0),IF(G72="Evening",TIME(14,0,0),TIME(22,0,0)))) | I72: =IF(OR(G72="Off",G72=""),"",H72+TIME(Settings!$B$8,0,0)) | J72: =IF(OR(G72="Off",G72=""),0,Settings!$B$8) -> 0 | K72: N | L72: =IF(A72="","",IF(COUNTIF(Public_Holidays!$A$4:$A$80,A72)>0,"Y","N")) -> N | M72: =IF(A72="","",IF(WEEKDAY(A72,2)=7,"Y","N")) -> N | N72: =IF(A72="","",_xludf.TEXTJOIN("; ",TRUE,IF(SUMIFS($J:$J,$C:$C,C72,$B:$B,B72)>Settings!$B$9,"Weekly ordinary hrs >45",""),IF(SUMIFS(Claims!$H:$H,Claims!$C:$C,C72,Claims!$B:$B,B72)>Settings!$B$10,"Weekly OT >10",""),IF(AND(G72<>"Off",COUNTIFS($C:$C,C72,$A:$A,A72-1,$G:$G,"Night")>0),"Rest <12h after night shift",""),IF(J72>5,"Meal interval required",""))) -> #NAME? | O72: Pending
A73: =IF(3+1<=Settings!$B$7,Settings!$B$6+3,"") -> 46146 | B73: =IF(A73="","",A73-WEEKDAY(A73,2)+1) -> 46146 | C73: =IF(Employees!A13="","",Employees!A13) | D73: =IF(C73="","",Employees!B13) | E73: =IF(C73="","",Employees!C13) | F73: =IF(A73="","",MOD(A73-Settings!$B$6,4)+1) -> 4 | G73: =IF(C73="","",INDEX(Rotation_Pattern!$B$4:$E$7,F73,MATCH(E73,{"A","B","C","D"},0))) | H73: =IF(OR(G73="Off",G73=""),"",IF(G73="Day",TIME(6,0,0),IF(G73="Evening",TIME(14,0,0),TIME(22,0,0)))) | I73: =IF(OR(G73="Off",G73=""),"",H73+TIME(Settings!$B$8,0,0)) | J73: =IF(OR(G73="Off",G73=""),0,Settings!$B$8) -> 0 | K73: N | L73: =IF(A73="","",IF(COUNTIF(Public_Holidays!$A$4:$A$80,A73)>0,"Y","N")) -> N | M73: =IF(A73="","",IF(WEEKDAY(A73,2)=7,"Y","N")) -> N | N73: =IF(A73="","",_xludf.TEXTJOIN("; ",TRUE,IF(SUMIFS($J:$J,$C:$C,C73,$B:$B,B73)>Settings!$B$9,"Weekly ordinary hrs >45",""),IF(SUMIFS(Claims!$H:$H,Claims!$C:$C,C73,Claims!$B:$B,B73)>Settings!$B$10,"Weekly OT >10",""),IF(AND(G73<>"Off",COUNTIFS($C:$C,C73,$A:$A,A73-1,$G:$G,"Night")>0),"Rest <12h after night shift",""),IF(J73>5,"Meal interval required",""))) -> #NAME? | O73: Pending
A74: =IF(3+1<=Settings!$B$7,Settings!$B$6+3,"") -> 46146 | B74: =IF(A74="","",A74-WEEKDAY(A74,2)+1) -> 46146 | C74: =IF(Employees!A14="","",Employees!A14) | D74: =IF(C74="","",Employees!B14) | E74: =IF(C74="","",Employees!C14) | F74: =IF(A74="","",MOD(A74-Settings!$B$6,4)+1) -> 4 | G74: =IF(C74="","",INDEX(Rotation_Pattern!$B$4:$E$7,F74,MATCH(E74,{"A","B","C","D"},0))) | H74: =IF(OR(G74="Off",G74=""),"",IF(G74="Day",TIME(6,0,0),IF(G74="Evening",TIME(14,0,0),TIME(22,0,0)))) | I74: =IF(OR(G74="Off",G74=""),"",H74+TIME(Settings!$B$8,0,0)) | J74: =IF(OR(G74="Off",G74=""),0,Settings!$B$8) -> 0 | K74: N | L74: =IF(A74="","",IF(COUNTIF(Public_Holidays!$A$4:$A$80,A74)>0,"Y","N")) -> N | M74: =IF(A74="","",IF(WEEKDAY(A74,2)=7,"Y","N")) -> N | N74: =IF(A74="","",_xludf.TEXTJOIN("; ",TRUE,IF(SUMIFS($J:$J,$C:$C,C74,$B:$B,B74)>Settings!$B$9,"Weekly ordinary hrs >45",""),IF(SUMIFS(Claims!$H:$H,Claims!$C:$C,C74,Claims!$B:$B,B74)>Settings!$B$10,"Weekly OT >10",""),IF(AND(G74<>"Off",COUNTIFS($C:$C,C74,$A:$A,A74-1,$G:$G,"Night")>0),"Rest <12h after night shift",""),IF(J74>5,"Meal interval required",""))) -> #NAME? | O74: Pending
A75: =IF(3+1<=Settings!$B$7,Settings!$B$6+3,"") -> 46146 | B75: =IF(A75="","",A75-WEEKDAY(A75,2)+1) -> 46146 | C75: =IF(Employees!A15="","",Employees!A15) | D75: =IF(C75="","",Employees!B15) | E75: =IF(C75="","",Employees!C15) | F75: =IF(A75="","",MOD(A75-Settings!$B$6,4)+1) -> 4 | G75: =IF(C75="","",INDEX(Rotation_Pattern!$B$4:$E$7,F75,MATCH(E75,{"A","B","C","D"},0))) | H75: =IF(OR(G75="Off",G75=""),"",IF(G75="Day",TIME(6,0,0),IF(G75="Evening",TIME(14,0,0),TIME(22,0,0)))) | I75: =IF(OR(G75="Off",G75=""),"",H75+TIME(Settings!$B$8,0,0)) | J75: =IF(OR(G75="Off",G75=""),0,Settings!$B$8) -> 0 | K75: N | L75: =IF(A75="","",IF(COUNTIF(Public_Holidays!$A$4:$A$80,A75)>0,"Y","N")) -> N | M75: =IF(A75="","",IF(WEEKDAY(A75,2)=7,"Y","N")) -> N | N75: =IF(A75="","",_xludf.TEXTJOIN("; ",TRUE,IF(SUMIFS($J:$J,$C:$C,C75,$B:$B,B75)>Settings!$B$9,"Weekly ordinary hrs >45",""),IF(SUMIFS(Claims!$H:$H,Claims!$C:$C,C75,Claims!$B:$B,B75)>Settings!$B$10,"Weekly OT >10",""),IF(AND(G75<>"Off",COUNTIFS($C:$C,C75,$A:$A,A75-1,$G:$G,"Night")>0),"Rest <12h after night shift",""),IF(J75>5,"Meal interval required",""))) -> #NAME? | O75: Pending
... A83: =IF(3+1<=Settings!$B$7,Settings!$B$6+3,"") -> 46146 | B83: =IF(A83="","",A83-WEEKDAY(A83,2)+1) -> 46146 | C83: =IF(Employees!A23="","",Employees!A23) | D83: =IF(C83="","",Employees!B23) | E83: =IF(C83="","",Employees!C23) | F83: =IF(A83="","",MOD(A83-Settings!$B$6,4)+1) -> 4 | G83: =IF(C83="","",INDEX(Rotation_Pattern!$B$4:$E$7,F83,MATCH(E83,{"A","B","C","D"},0))) | H83: =IF(OR(G83="Off",G83=""),"",IF(G83="Day",TIME(6,0,0),IF(G83="Evening",TIME(14,0,0),TIME(22,0,0)))) | I83: =IF(OR(G83="Off",G83=""),"",H83+TIME(Settings!$B$8,0,0)) | J83: =IF(OR(G83="Off",G83=""),0,Settings!$B$8) -> 0 | K83: N | L83: =IF(A83="","",IF(COUNTIF(Public_Holidays!$A$4:$A$80,A83)>0,"Y","N")) -> N | M83: =IF(A83="","",IF(WEEKDAY(A83,2)=7,"Y","N")) -> N | N83: =IF(A83="","",_xludf.TEXTJOIN("; ",TRUE,IF(SUMIFS($J:$J,$C:$C,C83,$B:$B,B83)>Settings!$B$9,"Weekly ordinary hrs >45",""),IF(SUMIFS(Claims!$H:$H,Claims!$C:$C,C83,Claims!$B:$B,B83)>Settings!$B$10,"Weekly OT >10",""),IF(AND(G83<>"Off",COUNTIFS($C:$C,C83,$A:$A,A83-1,$G:$G,"Night")>0),"Rest <12h after night shift",""),IF(J83>5,"Meal interval required",""))) -> #NAME? | O83: Pending
A84: =IF(4+1<=Settings!$B$7,Settings!$B$6+4,"") -> 46147 | B84: =IF(A84="","",A84-WEEKDAY(A84,2)+1) -> 46146 | C84: =IF(Employees!A4="","",Employees!A4) -> E001 | D84: =IF(C84="","",Employees!B4) -> Musiwa Khavalani | E84: =IF(C84="","",Employees!C4) -> 0 | F84: =IF(A84="","",MOD(A84-Settings!$B$6,4)+1) -> 1 | G84: =IF(C84="","",INDEX(Rotation_Pattern!$B$4:$E$7,F84,MATCH(E84,{"A","B","C","D"},0))) -> #N/A | H84: =IF(OR(G84="Off",G84=""),"",IF(G84="Day",TIME(6,0,0),IF(G84="Evening",TIME(14,0,0),TIME(22,0,0)))) -> #N/A | I84: =IF(OR(G84="Off",G84=""),"",H84+TIME(Settings!$B$8,0,0)) -> #N/A | J84: =IF(OR(G84="Off",G84=""),0,Settings!$B$8) -> #N/A | K84: N | L84: =IF(A84="","",IF(COUNTIF(Public_Holidays!$A$4:$A$80,A84)>0,"Y","N")) -> N | M84: =IF(A84="","",IF(WEEKDAY(A84,2)=7,"Y","N")) -> N | N84: =IF(A84="","",_xludf.TEXTJOIN("; ",TRUE,IF(SUMIFS($J:$J,$C:$C,C84,$B:$B,B84)>Settings!$B$9,"Weekly ordinary hrs >45",""),IF(SUMIFS(Claims!$H:$H,Claims!$C:$C,C84,Claims!$B:$B,B84)>Settings!$B$10,"Weekly OT >10",""),IF(AND(G84<>"Off",COUNTIFS($C:$C,C84,$A:$A,A84-1,$G:$G,"Night")>0),"Rest <12h after night shift",""),IF(J84>5,"Meal interval required",""))) -> #NAME? | O84: Pending
A85: =IF(4+1<=Settings!$B$7,Settings!$B$6+4,"") -> 46147 | B85: =IF(A85="","",A85-WEEKDAY(A85,2)+1) -> 46146 | C85: =IF(Employees!A5="","",Employees!A5) -> E002 | D85: =IF(C85="","",Employees!B5) -> Mpho Nembemhia | E85: =IF(C85="","",Employees!C5) -> B | F85: =IF(A85="","",MOD(A85-Settings!$B$6,4)+1) -> 1 | G85: =IF(C85="","",INDEX(Rotation_Pattern!$B$4:$E$7,F85,MATCH(E85,{"A","B","C","D"},0))) -> Off | H85: =IF(OR(G85="Off",G85=""),"",IF(G85="Day",TIME(6,0,0),IF(G85="Evening",TIME(14,0,0),TIME(22,0,0)))) | I85: =IF(OR(G85="Off",G85=""),"",H85+TIME(Settings!$B$8,0,0)) | J85: =IF(OR(G85="Off",G85=""),0,Settings!$B$8) -> 0 | K85: N | L85: =IF(A85="","",IF(COUNTIF(Public_Holidays!$A$4:$A$80,A85)>0,"Y","N")) -> N | M85: =IF(A85="","",IF(WEEKDAY(A85,2)=7,"Y","N")) -> N | N85: =IF(A85="","",_xludf.TEXTJOIN("; ",TRUE,IF(SUMIFS($J:$J,$C:$C,C85,$B:$B,B85)>Settings!$B$9,"Weekly ordinary hrs >45",""),IF(SUMIFS(Claims!$H:$H,Claims!$C:$C,C85,Claims!$B:$B,B85)>Settings!$B$10,"Weekly OT >10",""),IF(AND(G85<>"Off",COUNTIFS($C:$C,C85,$A:$A,A85-1,$G:$G,"Night")>0),"Rest <12h after night shift",""),IF(J85>5,"Meal interval required",""))) -> #NAME? | O85: Pending
A86: =IF(4+1<=Settings!$B$7,Settings!$B$6+4,"") -> 46147 | B86: =IF(A86="","",A86-WEEKDAY(A86,2)+1) -> 46146 | C86: =IF(Employees!A6="","",Employees!A6) -> E003 | D86: =IF(C86="","",Employees!B6) -> Dimpho Makhafola | E86: =IF(C86="","",Employees!C6) -> C | F86: =IF(A86="","",MOD(A86-Settings!$B$6,4)+1) -> 1 | G86: =IF(C86="","",INDEX(Rotation_Pattern!$B$4:$E$7,F86,MATCH(E86,{"A","B","C","D"},0))) -> Evening | H86: =IF(OR(G86="Off",G86=""),"",IF(G86="Day",TIME(6,0,0),IF(G86="Evening",TIME(14,0,0),TIME(22,0,0)))) -> 0.58333333 | I86: =IF(OR(G86="Off",G86=""),"",H86+TIME(Settings!$B$8,0,0)) -> 0.91666667 | J86: =IF(OR(G86="Off",G86=""),0,Settings!$B$8) -> 8 | K86: N | L86: =IF(A86="","",IF(COUNTIF(Public_Holidays!$A$4:$A$80,A86)>0,"Y","N")) -> N | M86: =IF(A86="","",IF(WEEKDAY(A86,2)=7,"Y","N")) -> N | N86: =IF(A86="","",_xludf.TEXTJOIN("; ",TRUE,IF(SUMIFS($J:$J,$C:$C,C86,$B:$B,B86)>Settings!$B$9,"Weekly ordinary hrs >45",""),IF(SUMIFS(Claims!$H:$H,Claims!$C:$C,C86,Claims!$B:$B,B86)>Settings!$B$10,"Weekly OT >10",""),IF(AND(G86<>"Off",COUNTIFS($C:$C,C86,$A:$A,A86-1,$G:$G,"Night")>0),"Rest <12h after night shift",""),IF(J86>5,"Meal interval required",""))) -> #NAME? | O86: Pending
A87: =IF(4+1<=Settings!$B$7,Settings!$B$6+4,"") -> 46147 | B87: =IF(A87="","",A87-WEEKDAY(A87,2)+1) -> 46146 | C87: =IF(Employees!A7="","",Employees!A7) -> E004 | D87: =IF(C87="","",Employees!B7) -> Bashii Fall | E87: =IF(C87="","",Employees!C7) -> D | F87: =IF(A87="","",MOD(A87-Settings!$B$6,4)+1) -> 1 | G87: =IF(C87="","",INDEX(Rotation_Pattern!$B$4:$E$7,F87,MATCH(E87,{"A","B","C","D"},0))) -> Night | H87: =IF(OR(G87="Off",G87=""),"",IF(G87="Day",TIME(6,0,0),IF(G87="Evening",TIME(14,0,0),TIME(22,0,0)))) -> 0.91666667 | I87: =IF(OR(G87="Off",G87=""),"",H87+TIME(Settings!$B$8,0,0)) -> 1.25 | J87: =IF(OR(G87="Off",G87=""),0,Settings!$B$8) -> 8 | K87: N | L87: =IF(A87="","",IF(COUNTIF(Public_Holidays!$A$4:$A$80,A87)>0,"Y","N")) -> N | M87: =IF(A87="","",IF(WEEKDAY(A87,2)=7,"Y","N")) -> N | N87: =IF(A87="","",_xludf.TEXTJOIN("; ",TRUE,IF(SUMIFS($J:$J,$C:$C,C87,$B:$B,B87)>Settings!$B$9,"Weekly ordinary hrs >45",""),IF(SUMIFS(Claims!$H:$H,Claims!$C:$C,C87,Claims!$B:$B,B87)>Settings!$B$10,"Weekly OT >10",""),IF(AND(G87<>"Off",COUNTIFS($C:$C,C87,$A:$A,A87-1,$G:$G,"Night")>0),"Rest <12h after night shift",""),IF(J87>5,"Meal interval required",""))) -> #NAME? | O87: Pending
A88: =IF(4+1<=Settings!$B$7,Settings!$B$6+4,"") -> 46147 | B88: =IF(A88="","",A88-WEEKDAY(A88,2)+1) -> 46146 | C88: =IF(Employees!A8="","",Employees!A8) -> E005 | D88: =IF(C88="","",Employees!B8) -> Lesego Aphane | E88: =IF(C88="","",Employees!C8) -> A | F88: =IF(A88="","",MOD(A88-Settings!$B$6,4)+1) -> 1 | G88: =IF(C88="","",INDEX(Rotation_Pattern!$B$4:$E$7,F88,MATCH(E88,{"A","B","C","D"},0))) -> Day | H88: =IF(OR(G88="Off",G88=""),"",IF(G88="Day",TIME(6,0,0),IF(G88="Evening",TIME(14,0,0),TIME(22,0,0)))) -> 0.25 | I88: =IF(OR(G88="Off",G88=""),"",H88+TIME(Settings!$B$8,0,0)) -> 0.58333333 | J88: =IF(OR(G88="Off",G88=""),0,Settings!$B$8) -> 8 | K88: N | L88: =IF(A88="","",IF(COUNTIF(Public_Holidays!$A$4:$A$80,A88)>0,"Y","N")) -> N | M88: =IF(A88="","",IF(WEEKDAY(A88,2)=7,"Y","N")) -> N | N88: =IF(A88="","",_xludf.TEXTJOIN("; ",TRUE,IF(SUMIFS($J:$J,$C:$C,C88,$B:$B,B88)>Settings!$B$9,"Weekly ordinary hrs >45",""),IF(SUMIFS(Claims!$H:$H,Claims!$C:$C,C88,Claims!$B:$B,B88)>Settings!$B$10,"Weekly OT >10",""),IF(AND(G88<>"Off",COUNTIFS($C:$C,C88,$A:$A,A88-1,$G:$G,"Night")>0),"Rest <12h after night shift",""),IF(J88>5,"Meal interval required",""))) -> #NAME? | O88: Pending
A89: =IF(4+1<=Settings!$B$7,Settings!$B$6+4,"") -> 46147 | B89: =IF(A89="","",A89-WEEKDAY(A89,2)+1) -> 46146 | C89: =IF(Employees!A9="","",Employees!A9) -> E006 | D89: =IF(C89="","",Employees!B9) -> Nhalnahla | E89: =IF(C89="","",Employees!C9) -> B | F89: =IF(A89="","",MOD(A89-Settings!$B$6,4)+1) -> 1 | G89: =IF(C89="","",INDEX(Rotation_Pattern!$B$4:$E$7,F89,MATCH(E89,{"A","B","C","D"},0))) -> Off | H89: =IF(OR(G89="Off",G89=""),"",IF(G89="Day",TIME(6,0,0),IF(G89="Evening",TIME(14,0,0),TIME(22,0,0)))) | I89: =IF(OR(G89="Off",G89=""),"",H89+TIME(Settings!$B$8,0,0)) | J89: =IF(OR(G89="Off",G89=""),0,Settings!$B$8) -> 0 | K89: N | L89: =IF(A89="","",IF(COUNTIF(Public_Holidays!$A$4:$A$80,A89)>0,"Y","N")) -> N | M89: =IF(A89="","",IF(WEEKDAY(A89,2)=7,"Y","N")) -> N | N89: =IF(A89="","",_xludf.TEXTJOIN("; ",TRUE,IF(SUMIFS($J:$J,$C:$C,C89,$B:$B,B89)>Settings!$B$9,"Weekly ordinary hrs >45",""),IF(SUMIFS(Claims!$H:$H,Claims!$C:$C,C89,Claims!$B:$B,B89)>Settings!$B$10,"Weekly OT >10",""),IF(AND(G89<>"Off",COUNTIFS($C:$C,C89,$A:$A,A89-1,$G:$G,"Night")>0),"Rest <12h after night shift",""),IF(J89>5,"Meal interval required",""))) -> #NAME? | O89: Pending
A90: =IF(4+1<=Settings!$B$7,Settings!$B$6+4,"") -> 46147 | B90: =IF(A90="","",A90-WEEKDAY(A90,2)+1) -> 46146 | C90: =IF(Employees!A10="","",Employees!A10) -> E007 | D90: =IF(C90="","",Employees!B10) -> Joe | E90: =IF(C90="","",Employees!C10) -> C | F90: =IF(A90="","",MOD(A90-Settings!$B$6,4)+1) -> 1 | G90: =IF(C90="","",INDEX(Rotation_Pattern!$B$4:$E$7,F90,MATCH(E90,{"A","B","C","D"},0))) -> Evening | H90: =IF(OR(G90="Off",G90=""),"",IF(G90="Day",TIME(6,0,0),IF(G90="Evening",TIME(14,0,0),TIME(22,0,0)))) -> 0.58333333 | I90: =IF(OR(G90="Off",G90=""),"",H90+TIME(Settings!$B$8,0,0)) -> 0.91666667 | J90: =IF(OR(G90="Off",G90=""),0,Settings!$B$8) -> 8 | K90: N | L90: =IF(A90="","",IF(COUNTIF(Public_Holidays!$A$4:$A$80,A90)>0,"Y","N")) -> N | M90: =IF(A90="","",IF(WEEKDAY(A90,2)=7,"Y","N")) -> N | N90: =IF(A90="","",_xludf.TEXTJOIN("; ",TRUE,IF(SUMIFS($J:$J,$C:$C,C90,$B:$B,B90)>Settings!$B$9,"Weekly ordinary hrs >45",""),IF(SUMIFS(Claims!$H:$H,Claims!$C:$C,C90,Claims!$B:$B,B90)>Settings!$B$10,"Weekly OT >10",""),IF(AND(G90<>"Off",COUNTIFS($C:$C,C90,$A:$A,A90-1,$G:$G,"Night")>0),"Rest <12h after night shift",""),IF(J90>5,"Meal interval required",""))) -> #NAME? | O90: Pending
A91: =IF(4+1<=Settings!$B$7,Settings!$B$6+4,"") -> 46147 | B91: =IF(A91="","",A91-WEEKDAY(A91,2)+1) -> 46146 | C91: =IF(Employees!A11="","",Employees!A11) -> E008 | D91: =IF(C91="","",Employees!B11) -> Tim | E91: =IF(C91="","",Employees!C11) -> D | F91: =IF(A91="","",MOD(A91-Settings!$B$6,4)+1) -> 1 | G91: =IF(C91="","",INDEX(Rotation_Pattern!$B$4:$E$7,F91,MATCH(E91,{"A","B","C","D"},0))) -> Night | H91: =IF(OR(G91="Off",G91=""),"",IF(G91="Day",TIME(6,0,0),IF(G91="Evening",TIME(14,0,0),TIME(22,0,0)))) -> 0.91666667 | I91: =IF(OR(G91="Off",G91=""),"",H91+TIME(Settings!$B$8,0,0)) -> 1.25 | J91: =IF(OR(G91="Off",G91=""),0,Settings!$B$8) -> 8 | K91: N | L91: =IF(A91="","",IF(COUNTIF(Public_Holidays!$A$4:$A$80,A91)>0,"Y","N")) -> N | M91: =IF(A91="","",IF(WEEKDAY(A91,2)=7,"Y","N")) -> N | N91: =IF(A91="","",_xludf.TEXTJOIN("; ",TRUE,IF(SUMIFS($J:$J,$C:$C,C91,$B:$B,B91)>Settings!$B$9,"Weekly ordinary hrs >45",""),IF(SUMIFS(Claims!$H:$H,Claims!$C:$C,C91,Claims!$B:$B,B91)>Settings!$B$10,"Weekly OT >10",""),IF(AND(G91<>"Off",COUNTIFS($C:$C,C91,$A:$A,A91-1,$G:$G,"Night")>0),"Rest <12h after night shift",""),IF(J91>5,"Meal interval required",""))) -> #NAME? | O91: Pending
A92: =IF(4+1<=Settings!$B$7,Settings!$B$6+4,"") -> 46147 | B92: =IF(A92="","",A92-WEEKDAY(A92,2)+1) -> 46146 | C92: =IF(Employees!A12="","",Employees!A12) -> E009 | D92: =IF(C92="","",Employees!B12) -> Frank | E92: =IF(C92="","",Employees!C12) -> A | F92: =IF(A92="","",MOD(A92-Settings!$B$6,4)+1) -> 1 | G92: =IF(C92="","",INDEX(Rotation_Pattern!$B$4:$E$7,F92,MATCH(E92,{"A","B","C","D"},0))) -> Day | H92: =IF(OR(G92="Off",G92=""),"",IF(G92="Day",TIME(6,0,0),IF(G92="Evening",TIME(14,0,0),TIME(22,0,0)))) -> 0.25 | I92: =IF(OR(G92="Off",G92=""),"",H92+TIME(Settings!$B$8,0,0)) -> 0.58333333 | J92: =IF(OR(G92="Off",G92=""),0,Settings!$B$8) -> 8 | K92: N | L92: =IF(A92="","",IF(COUNTIF(Public_Holidays!$A$4:$A$80,A92)>0,"Y","N")) -> N | M92: =IF(A92="","",IF(WEEKDAY(A92,2)=7,"Y","N")) -> N | N92: =IF(A92="","",_xludf.TEXTJOIN("; ",TRUE,IF(SUMIFS($J:$J,$C:$C,C92,$B:$B,B92)>Settings!$B$9,"Weekly ordinary hrs >45",""),IF(SUMIFS(Claims!$H:$H,Claims!$C:$C,C92,Claims!$B:$B,B92)>Settings!$B$10,"Weekly OT >10",""),IF(AND(G92<>"Off",COUNTIFS($C:$C,C92,$A:$A,A92-1,$G:$G,"Night")>0),"Rest <12h after night shift",""),IF(J92>5,"Meal interval required",""))) -> #NAME? | O92: Pending
A93: =IF(4+1<=Settings!$B$7,Settings!$B$6+4,"") -> 46147 | B93: =IF(A93="","",A93-WEEKDAY(A93,2)+1) -> 46146 | C93: =IF(Employees!A13="","",Employees!A13) | D93: =IF(C93="","",Employees!B13) | E93: =IF(C93="","",Employees!C13) | F93: =IF(A93="","",MOD(A93-Settings!$B$6,4)+1) -> 1 | G93: =IF(C93="","",INDEX(Rotation_Pattern!$B$4:$E$7,F93,MATCH(E93,{"A","B","C","D"},0))) | H93: =IF(OR(G93="Off",G93=""),"",IF(G93="Day",TIME(6,0,0),IF(G93="Evening",TIME(14,0,0),TIME(22,0,0)))) | I93: =IF(OR(G93="Off",G93=""),"",H93+TIME(Settings!$B$8,0,0)) | J93: =IF(OR(G93="Off",G93=""),0,Settings!$B$8) -> 0 | K93: N | L93: =IF(A93="","",IF(COUNTIF(Public_Holidays!$A$4:$A$80,A93)>0,"Y","N")) -> N | M93: =IF(A93="","",IF(WEEKDAY(A93,2)=7,"Y","N")) -> N | N93: =IF(A93="","",_xludf.TEXTJOIN("; ",TRUE,IF(SUMIFS($J:$J,$C:$C,C93,$B:$B,B93)>Settings!$B$9,"Weekly ordinary hrs >45",""),IF(SUMIFS(Claims!$H:$H,Claims!$C:$C,C93,Claims!$B:$B,B93)>Settings!$B$10,"Weekly OT >10",""),IF(AND(G93<>"Off",COUNTIFS($C:$C,C93,$A:$A,A93-1,$G:$G,"Night")>0),"Rest <12h after night shift",""),IF(J93>5,"Meal interval required",""))) -> #NAME? | O93: Pending
A94: =IF(4+1<=Settings!$B$7,Settings!$B$6+4,"") -> 46147 | B94: =IF(A94="","",A94-WEEKDAY(A94,2)+1) -> 46146 | C94: =IF(Employees!A14="","",Employees!A14) | D94: =IF(C94="","",Employees!B14) | E94: =IF(C94="","",Employees!C14) | F94: =IF(A94="","",MOD(A94-Settings!$B$6,4)+1) -> 1 | G94: =IF(C94="","",INDEX(Rotation_Pattern!$B$4:$E$7,F94,MATCH(E94,{"A","B","C","D"},0))) | H94: =IF(OR(G94="Off",G94=""),"",IF(G94="Day",TIME(6,0,0),IF(G94="Evening",TIME(14,0,0),TIME(22,0,0)))) | I94: =IF(OR(G94="Off",G94=""),"",H94+TIME(Settings!$B$8,0,0)) | J94: =IF(OR(G94="Off",G94=""),0,Settings!$B$8) -> 0 | K94: N | L94: =IF(A94="","",IF(COUNTIF(Public_Holidays!$A$4:$A$80,A94)>0,"Y","N")) -> N | M94: =IF(A94="","",IF(WEEKDAY(A94,2)=7,"Y","N")) -> N | N94: =IF(A94="","",_xludf.TEXTJOIN("; ",TRUE,IF(SUMIFS($J:$J,$C:$C,C94,$B:$B,B94)>Settings!$B$9,"Weekly ordinary hrs >45",""),IF(SUMIFS(Claims!$H:$H,Claims!$C:$C,C94,Claims!$B:$B,B94)>Settings!$B$10,"Weekly OT >10",""),IF(AND(G94<>"Off",COUNTIFS($C:$C,C94,$A:$A,A94-1,$G:$G,"Night")>0),"Rest <12h after night shift",""),IF(J94>5,"Meal interval required",""))) -> #NAME? | O94: Pending
A95: =IF(4+1<=Settings!$B$7,Settings!$B$6+4,"") -> 46147 | B95: =IF(A95="","",A95-WEEKDAY(A95,2)+1) -> 46146 | C95: =IF(Employees!A15="","",Employees!A15) | D95: =IF(C95="","",Employees!B15) | E95: =IF(C95="","",Employees!C15) | F95: =IF(A95="","",MOD(A95-Settings!$B$6,4)+1) -> 1 | G95: =IF(C95="","",INDEX(Rotation_Pattern!$B$4:$E$7,F95,MATCH(E95,{"A","B","C","D"},0))) | H95: =IF(OR(G95="Off",G95=""),"",IF(G95="Day",TIME(6,0,0),IF(G95="Evening",TIME(14,0,0),TIME(22,0,0)))) | I95: =IF(OR(G95="Off",G95=""),"",H95+TIME(Settings!$B$8,0,0)) | J95: =IF(OR(G95="Off",G95=""),0,Settings!$B$8) -> 0 | K95: N | L95: =IF(A95="","",IF(COUNTIF(Public_Holidays!$A$4:$A$80,A95)>0,"Y","N")) -> N | M95: =IF(A95="","",IF(WEEKDAY(A95,2)=7,"Y","N")) -> N | N95: =IF(A95="","",_xludf.TEXTJOIN("; ",TRUE,IF(SUMIFS($J:$J,$C:$C,C95,$B:$B,B95)>Settings!$B$9,"Weekly ordinary hrs >45",""),IF(SUMIFS(Claims!$H:$H,Claims!$C:$C,C95,Claims!$B:$B,B95)>Settings!$B$10,"Weekly OT >10",""),IF(AND(G95<>"Off",COUNTIFS($C:$C,C95,$A:$A,A95-1,$G:$G,"Night")>0),"Rest <12h after night shift",""),IF(J95>5,"Meal interval required",""))) -> #NAME? | O95: Pending
... A103: =IF(4+1<=Settings!$B$7,Settings!$B$6+4,"") -> 46147 | B103: =IF(A103="","",A103-WEEKDAY(A103,2)+1) -> 46146 | C103: =IF(Employees!A23="","",Employees!A23) | D103: =IF(C103="","",Employees!B23) | E103: =IF(C103="","",Employees!C23) | F103: =IF(A103="","",MOD(A103-Settings!$B$6,4)+1) -> 1 | G103: =IF(C103="","",INDEX(Rotation_Pattern!$B$4:$E$7,F103,MATCH(E103,{"A","B","C","D"},0))) | H103: =IF(OR(G103="Off",G103=""),"",IF(G103="Day",TIME(6,0,0),IF(G103="Evening",TIME(14,0,0),TIME(22,0,0)))) | I103: =IF(OR(G103="Off",G103=""),"",H103+TIME(Settings!$B$8,0,0)) | J103: =IF(OR(G103="Off",G103=""),0,Settings!$B$8) -> 0 | K103: N | L103: =IF(A103="","",IF(COUNTIF(Public_Holidays!$A$4:$A$80,A103)>0,"Y","N")) -> N | M103: =IF(A103="","",IF(WEEKDAY(A103,2)=7,"Y","N")) -> N | N103: =IF(A103="","",_xludf.TEXTJOIN("; ",TRUE,IF(SUMIFS($J:$J,$C:$C,C103,$B:$B,B103)>Settings!$B$9,"Weekly ordinary hrs >45",""),IF(SUMIFS(Claims!$H:$H,Claims!$C:$C,C103,Claims!$B:$B,B103)>Settings!$B$10,"Weekly OT >10",""),IF(AND(G103<>"Off",COUNTIFS($C:$C,C103,$A:$A,A103-1,$G:$G,"Night")>0),"Rest <12h after night shift",""),IF(J103>5,"Meal interval required",""))) -> #NAME? | O103: Pending
A104: =IF(5+1<=Settings!$B$7,Settings!$B$6+5,"") -> 46148 | B104: =IF(A104="","",A104-WEEKDAY(A104,2)+1) -> 46146 | C104: =IF(Employees!A4="","",Employees!A4) -> E001 | D104: =IF(C104="","",Employees!B4) -> Musiwa Khavalani | E104: =IF(C104="","",Employees!C4) -> 0 | F104: =IF(A104="","",MOD(A104-Settings!$B$6,4)+1) -> 2 | G104: =IF(C104="","",INDEX(Rotation_Pattern!$B$4:$E$7,F104,MATCH(E104,{"A","B","C","D"},0))) -> #N/A | H104: =IF(OR(G104="Off",G104=""),"",IF(G104="Day",TIME(6,0,0),IF(G104="Evening",TIME(14,0,0),TIME(22,0,0)))) -> #N/A | I104: =IF(OR(G104="Off",G104=""),"",H104+TIME(Settings!$B$8,0,0)) -> #N/A | J104: =IF(OR(G104="Off",G104=""),0,Settings!$B$8) -> #N/A | K104: N | L104: =IF(A104="","",IF(COUNTIF(Public_Holidays!$A$4:$A$80,A104)>0,"Y","N")) -> N | M104: =IF(A104="","",IF(WEEKDAY(A104,2)=7,"Y","N")) -> N | N104: =IF(A104="","",_xludf.TEXTJOIN("; ",TRUE,IF(SUMIFS($J:$J,$C:$C,C104,$B:$B,B104)>Settings!$B$9,"Weekly ordinary hrs >45",""),IF(SUMIFS(Claims!$H:$H,Claims!$C:$C,C104,Claims!$B:$B,B104)>Settings!$B$10,"Weekly OT >10",""),IF(AND(G104<>"Off",COUNTIFS($C:$C,C104,$A:$A,A104-1,$G:$G,"Night")>0),"Rest <12h after night shift",""),IF(J104>5,"Meal interval required",""))) -> #NAME? | O104: Pending
A105: =IF(5+1<=Settings!$B$7,Settings!$B$6+5,"") -> 46148 | B105: =IF(A105="","",A105-WEEKDAY(A105,2)+1) -> 46146 | C105: =IF(Employees!A5="","",Employees!A5) -> E002 | D105: =IF(C105="","",Employees!B5) -> Mpho Nembemhia | E105: =IF(C105="","",Employees!C5) -> B | F105: =IF(A105="","",MOD(A105-Settings!$B$6,4)+1) -> 2 | G105: =IF(C105="","",INDEX(Rotation_Pattern!$B$4:$E$7,F105,MATCH(E105,{"A","B","C","D"},0))) -> Day | H105: =IF(OR(G105="Off",G105=""),"",IF(G105="Day",TIME(6,0,0),IF(G105="Evening",TIME(14,0,0),TIME(22,0,0)))) -> 0.25 | I105: =IF(OR(G105="Off",G105=""),"",H105+TIME(Settings!$B$8,0,0)) -> 0.58333333 | J105: =IF(OR(G105="Off",G105=""),0,Settings!$B$8) -> 8 | K105: N | L105: =IF(A105="","",IF(COUNTIF(Public_Holidays!$A$4:$A$80,A105)>0,"Y","N")) -> N | M105: =IF(A105="","",IF(WEEKDAY(A105,2)=7,"Y","N")) -> N | N105: =IF(A105="","",_xludf.TEXTJOIN("; ",TRUE,IF(SUMIFS($J:$J,$C:$C,C105,$B:$B,B105)>Settings!$B$9,"Weekly ordinary hrs >45",""),IF(SUMIFS(Claims!$H:$H,Claims!$C:$C,C105,Claims!$B:$B,B105)>Settings!$B$10,"Weekly OT >10",""),IF(AND(G105<>"Off",COUNTIFS($C:$C,C105,$A:$A,A105-1,$G:$G,"Night")>0),"Rest <12h after night shift",""),IF(J105>5,"Meal interval required",""))) -> #NAME? | O105: Pending
A106: =IF(5+1<=Settings!$B$7,Settings!$B$6+5,"") -> 46148 | B106: =IF(A106="","",A106-WEEKDAY(A106,2)+1) -> 46146 | C106: =IF(Employees!A6="","",Employees!A6) -> E003 | D106: =IF(C106="","",Employees!B6) -> Dimpho Makhafola | E106: =IF(C106="","",Employees!C6) -> C | F106: =IF(A106="","",MOD(A106-Settings!$B$6,4)+1) -> 2 | G106: =IF(C106="","",INDEX(Rotation_Pattern!$B$4:$E$7,F106,MATCH(E106,{"A","B","C","D"},0))) -> Off | H106: =IF(OR(G106="Off",G106=""),"",IF(G106="Day",TIME(6,0,0),IF(G106="Evening",TIME(14,0,0),TIME(22,0,0)))) | I106: =IF(OR(G106="Off",G106=""),"",H106+TIME(Settings!$B$8,0,0)) | J106: =IF(OR(G106="Off",G106=""),0,Settings!$B$8) -> 0 | K106: N | L106: =IF(A106="","",IF(COUNTIF(Public_Holidays!$A$4:$A$80,A106)>0,"Y","N")) -> N | M106: =IF(A106="","",IF(WEEKDAY(A106,2)=7,"Y","N")) -> N | N106: =IF(A106="","",_xludf.TEXTJOIN("; ",TRUE,IF(SUMIFS($J:$J,$C:$C,C106,$B:$B,B106)>Settings!$B$9,"Weekly ordinary hrs >45",""),IF(SUMIFS(Claims!$H:$H,Claims!$C:$C,C106,Claims!$B:$B,B106)>Settings!$B$10,"Weekly OT >10",""),IF(AND(G106<>"Off",COUNTIFS($C:$C,C106,$A:$A,A106-1,$G:$G,"Night")>0),"Rest <12h after night shift",""),IF(J106>5,"Meal interval required",""))) -> #NAME? | O106: Pending
A107: =IF(5+1<=Settings!$B$7,Settings!$B$6+5,"") -> 46148 | B107: =IF(A107="","",A107-WEEKDAY(A107,2)+1) -> 46146 | C107: =IF(Employees!A7="","",Employees!A7) -> E004 | D107: =IF(C107="","",Employees!B7) -> Bashii Fall | E107: =IF(C107="","",Employees!C7) -> D | F107: =IF(A107="","",MOD(A107-Settings!$B$6,4)+1) -> 2 | G107: =IF(C107="","",INDEX(Rotation_Pattern!$B$4:$E$7,F107,MATCH(E107,{"A","B","C","D"},0))) -> Night | H107: =IF(OR(G107="Off",G107=""),"",IF(G107="Day",TIME(6,0,0),IF(G107="Evening",TIME(14,0,0),TIME(22,0,0)))) -> 0.91666667 | I107: =IF(OR(G107="Off",G107=""),"",H107+TIME(Settings!$B$8,0,0)) -> 1.25 | J107: =IF(OR(G107="Off",G107=""),0,Settings!$B$8) -> 8 | K107: N | L107: =IF(A107="","",IF(COUNTIF(Public_Holidays!$A$4:$A$80,A107)>0,"Y","N")) -> N | M107: =IF(A107="","",IF(WEEKDAY(A107,2)=7,"Y","N")) -> N | N107: =IF(A107="","",_xludf.TEXTJOIN("; ",TRUE,IF(SUMIFS($J:$J,$C:$C,C107,$B:$B,B107)>Settings!$B$9,"Weekly ordinary hrs >45",""),IF(SUMIFS(Claims!$H:$H,Claims!$C:$C,C107,Claims!$B:$B,B107)>Settings!$B$10,"Weekly OT >10",""),IF(AND(G107<>"Off",COUNTIFS($C:$C,C107,$A:$A,A107-1,$G:$G,"Night")>0),"Rest <12h after night shift",""),IF(J107>5,"Meal interval required",""))) -> #NAME? | O107: Pending
A108: =IF(5+1<=Settings!$B$7,Settings!$B$6+5,"") -> 46148 | B108: =IF(A108="","",A108-WEEKDAY(A108,2)+1) -> 46146 | C108: =IF(Employees!A8="","",Employees!A8) -> E005 | D108: =IF(C108="","",Employees!B8) -> Lesego Aphane | E108: =IF(C108="","",Employees!C8) -> A | F108: =IF(A108="","",MOD(A108-Settings!$B$6,4)+1) -> 2 | G108: =IF(C108="","",INDEX(Rotation_Pattern!$B$4:$E$7,F108,MATCH(E108,{"A","B","C","D"},0))) -> Evening | H108: =IF(OR(G108="Off",G108=""),"",IF(G108="Day",TIME(6,0,0),IF(G108="Evening",TIME(14,0,0),TIME(22,0,0)))) -> 0.58333333 | I108: =IF(OR(G108="Off",G108=""),"",H108+TIME(Settings!$B$8,0,0)) -> 0.91666667 | J108: =IF(OR(G108="Off",G108=""),0,Settings!$B$8) -> 8 | K108: N | L108: =IF(A108="","",IF(COUNTIF(Public_Holidays!$A$4:$A$80,A108)>0,"Y","N")) -> N | M108: =IF(A108="","",IF(WEEKDAY(A108,2)=7,"Y","N")) -> N | N108: =IF(A108="","",_xludf.TEXTJOIN("; ",TRUE,IF(SUMIFS($J:$J,$C:$C,C108,$B:$B,B108)>Settings!$B$9,"Weekly ordinary hrs >45",""),IF(SUMIFS(Claims!$H:$H,Claims!$C:$C,C108,Claims!$B:$B,B108)>Settings!$B$10,"Weekly OT >10",""),IF(AND(G108<>"Off",COUNTIFS($C:$C,C108,$A:$A,A108-1,$G:$G,"Night")>0),"Rest <12h after night shift",""),IF(J108>5,"Meal interval required",""))) -> #NAME? | O108: Pending
A109: =IF(5+1<=Settings!$B$7,Settings!$B$6+5,"") -> 46148 | B109: =IF(A109="","",A109-WEEKDAY(A109,2)+1) -> 46146 | C109: =IF(Employees!A9="","",Employees!A9) -> E006 | D109: =IF(C109="","",Employees!B9) -> Nhalnahla | E109: =IF(C109="","",Employees!C9) -> B | F109: =IF(A109="","",MOD(A109-Settings!$B$6,4)+1) -> 2 | G109: =IF(C109="","",INDEX(Rotation_Pattern!$B$4:$E$7,F109,MATCH(E109,{"A","B","C","D"},0))) -> Day | H109: =IF(OR(G109="Off",G109=""),"",IF(G109="Day",TIME(6,0,0),IF(G109="Evening",TIME(14,0,0),TIME(22,0,0)))) -> 0.25 | I109: =IF(OR(G109="Off",G109=""),"",H109+TIME(Settings!$B$8,0,0)) -> 0.58333333 | J109: =IF(OR(G109="Off",G109=""),0,Settings!$B$8) -> 8 | K109: N | L109: =IF(A109="","",IF(COUNTIF(Public_Holidays!$A$4:$A$80,A109)>0,"Y","N")) -> N | M109: =IF(A109="","",IF(WEEKDAY(A109,2)=7,"Y","N")) -> N | N109: =IF(A109="","",_xludf.TEXTJOIN("; ",TRUE,IF(SUMIFS($J:$J,$C:$C,C109,$B:$B,B109)>Settings!$B$9,"Weekly ordinary hrs >45",""),IF(SUMIFS(Claims!$H:$H,Claims!$C:$C,C109,Claims!$B:$B,B109)>Settings!$B$10,"Weekly OT >10",""),IF(AND(G109<>"Off",COUNTIFS($C:$C,C109,$A:$A,A109-1,$G:$G,"Night")>0),"Rest <12h after night shift",""),IF(J109>5,"Meal interval required",""))) -> #NAME? | O109: Pending
A110: =IF(5+1<=Settings!$B$7,Settings!$B$6+5,"") -> 46148 | B110: =IF(A110="","",A110-WEEKDAY(A110,2)+1) -> 46146 | C110: =IF(Employees!A10="","",Employees!A10) -> E007 | D110: =IF(C110="","",Employees!B10) -> Joe | E110: =IF(C110="","",Employees!C10) -> C | F110: =IF(A110="","",MOD(A110-Settings!$B$6,4)+1) -> 2 | G110: =IF(C110="","",INDEX(Rotation_Pattern!$B$4:$E$7,F110,MATCH(E110,{"A","B","C","D"},0))) -> Off | H110: =IF(OR(G110="Off",G110=""),"",IF(G110="Day",TIME(6,0,0),IF(G110="Evening",TIME(14,0,0),TIME(22,0,0)))) | I110: =IF(OR(G110="Off",G110=""),"",H110+TIME(Settings!$B$8,0,0)) | J110: =IF(OR(G110="Off",G110=""),0,Settings!$B$8) -> 0 | K110: N | L110: =IF(A110="","",IF(COUNTIF(Public_Holidays!$A$4:$A$80,A110)>0,"Y","N")) -> N | M110: =IF(A110="","",IF(WEEKDAY(A110,2)=7,"Y","N")) -> N | N110: =IF(A110="","",_xludf.TEXTJOIN("; ",TRUE,IF(SUMIFS($J:$J,$C:$C,C110,$B:$B,B110)>Settings!$B$9,"Weekly ordinary hrs >45",""),IF(SUMIFS(Claims!$H:$H,Claims!$C:$C,C110,Claims!$B:$B,B110)>Settings!$B$10,"Weekly OT >10",""),IF(AND(G110<>"Off",COUNTIFS($C:$C,C110,$A:$A,A110-1,$G:$G,"Night")>0),"Rest <12h after night shift",""),IF(J110>5,"Meal interval required",""))) -> #NAME? | O110: Pending
A111: =IF(5+1<=Settings!$B$7,Settings!$B$6+5,"") -> 46148 | B111: =IF(A111="","",A111-WEEKDAY(A111,2)+1) -> 46146 | C111: =IF(Employees!A11="","",Employees!A11) -> E008 | D111: =IF(C111="","",Employees!B11) -> Tim | E111: =IF(C111="","",Employees!C11) -> D | F111: =IF(A111="","",MOD(A111-Settings!$B$6,4)+1) -> 2 | G111: =IF(C111="","",INDEX(Rotation_Pattern!$B$4:$E$7,F111,MATCH(E111,{"A","B","C","D"},0))) -> Night | H111: =IF(OR(G111="Off",G111=""),"",IF(G111="Day",TIME(6,0,0),IF(G111="Evening",TIME(14,0,0),TIME(22,0,0)))) -> 0.91666667 | I111: =IF(OR(G111="Off",G111=""),"",H111+TIME(Settings!$B$8,0,0)) -> 1.25 | J111: =IF(OR(G111="Off",G111=""),0,Settings!$B$8) -> 8 | K111: N | L111: =IF(A111="","",IF(COUNTIF(Public_Holidays!$A$4:$A$80,A111)>0,"Y","N")) -> N | M111: =IF(A111="","",IF(WEEKDAY(A111,2)=7,"Y","N")) -> N | N111: =IF(A111="","",_xludf.TEXTJOIN("; ",TRUE,IF(SUMIFS($J:$J,$C:$C,C111,$B:$B,B111)>Settings!$B$9,"Weekly ordinary hrs >45",""),IF(SUMIFS(Claims!$H:$H,Claims!$C:$C,C111,Claims!$B:$B,B111)>Settings!$B$10,"Weekly OT >10",""),IF(AND(G111<>"Off",COUNTIFS($C:$C,C111,$A:$A,A111-1,$G:$G,"Night")>0),"Rest <12h after night shift",""),IF(J111>5,"Meal interval required",""))) -> #NAME? | O111: Pending
A112: =IF(5+1<=Settings!$B$7,Settings!$B$6+5,"") -> 46148 | B112: =IF(A112="","",A112-WEEKDAY(A112,2)+1) -> 46146 | C112: =IF(Employees!A12="","",Employees!A12) -> E009 | D112: =IF(C112="","",Employees!B12) -> Frank | E112: =IF(C112="","",Employees!C12) -> A | F112: =IF(A112="","",MOD(A112-Settings!$B$6,4)+1) -> 2 | G112: =IF(C112="","",INDEX(Rotation_Pattern!$B$4:$E$7,F112,MATCH(E112,{"A","B","C","D"},0))) -> Evening | H112: =IF(OR(G112="Off",G112=""),"",IF(G112="Day",TIME(6,0,0),IF(G112="Evening",TIME(14,0,0),TIME(22,0,0)))) -> 0.58333333 | I112: =IF(OR(G112="Off",G112=""),"",H112+TIME(Settings!$B$8,0,0)) -> 0.91666667 | J112: =IF(OR(G112="Off",G112=""),0,Settings!$B$8) -> 8 | K112: N | L112: =IF(A112="","",IF(COUNTIF(Public_Holidays!$A$4:$A$80,A112)>0,"Y","N")) -> N | M112: =IF(A112="","",IF(WEEKDAY(A112,2)=7,"Y","N")) -> N | N112: =IF(A112="","",_xludf.TEXTJOIN("; ",TRUE,IF(SUMIFS($J:$J,$C:$C,C112,$B:$B,B112)>Settings!$B$9,"Weekly ordinary hrs >45",""),IF(SUMIFS(Claims!$H:$H,Claims!$C:$C,C112,Claims!$B:$B,B112)>Settings!$B$10,"Weekly OT >10",""),IF(AND(G112<>"Off",COUNTIFS($C:$C,C112,$A:$A,A112-1,$G:$G,"Night")>0),"Rest <12h after night shift",""),IF(J112>5,"Meal interval required",""))) -> #NAME? | O112: Pending
A113: =IF(5+1<=Settings!$B$7,Settings!$B$6+5,"") -> 46148 | B113: =IF(A113="","",A113-WEEKDAY(A113,2)+1) -> 46146 | C113: =IF(Employees!A13="","",Employees!A13) | D113: =IF(C113="","",Employees!B13) | E113: =IF(C113="","",Employees!C13) | F113: =IF(A113="","",MOD(A113-Settings!$B$6,4)+1) -> 2 | G113: =IF(C113="","",INDEX(Rotation_Pattern!$B$4:$E$7,F113,MATCH(E113,{"A","B","C","D"},0))) | H113: =IF(OR(G113="Off",G113=""),"",IF(G113="Day",TIME(6,0,0),IF(G113="Evening",TIME(14,0,0),TIME(22,0,0)))) | I113: =IF(OR(G113="Off",G113=""),"",H113+TIME(Settings!$B$8,0,0)) | J113: =IF(OR(G113="Off",G113=""),0,Settings!$B$8) -> 0 | K113: N | L113: =IF(A113="","",IF(COUNTIF(Public_Holidays!$A$4:$A$80,A113)>0,"Y","N")) -> N | M113: =IF(A113="","",IF(WEEKDAY(A113,2)=7,"Y","N")) -> N | N113: =IF(A113="","",_xludf.TEXTJOIN("; ",TRUE,IF(SUMIFS($J:$J,$C:$C,C113,$B:$B,B113)>Settings!$B$9,"Weekly ordinary hrs >45",""),IF(SUMIFS(Claims!$H:$H,Claims!$C:$C,C113,Claims!$B:$B,B113)>Settings!$B$10,"Weekly OT >10",""),IF(AND(G113<>"Off",COUNTIFS($C:$C,C113,$A:$A,A113-1,$G:$G,"Night")>0),"Rest <12h after night shift",""),IF(J113>5,"Meal interval required",""))) -> #NAME? | O113: Pending
A114: =IF(5+1<=Settings!$B$7,Settings!$B$6+5,"") -> 46148 | B114: =IF(A114="","",A114-WEEKDAY(A114,2)+1) -> 46146 | C114: =IF(Employees!A14="","",Employees!A14) | D114: =IF(C114="","",Employees!B14) | E114: =IF(C114="","",Employees!C14) | F114: =IF(A114="","",MOD(A114-Settings!$B$6,4)+1) -> 2 | G114: =IF(C114="","",INDEX(Rotation_Pattern!$B$4:$E$7,F114,MATCH(E114,{"A","B","C","D"},0))) | H114: =IF(OR(G114="Off",G114=""),"",IF(G114="Day",TIME(6,0,0),IF(G114="Evening",TIME(14,0,0),TIME(22,0,0)))) | I114: =IF(OR(G114="Off",G114=""),"",H114+TIME(Settings!$B$8,0,0)) | J114: =IF(OR(G114="Off",G114=""),0,Settings!$B$8) -> 0 | K114: N | L114: =IF(A114="","",IF(COUNTIF(Public_Holidays!$A$4:$A$80,A114)>0,"Y","N")) -> N | M114: =IF(A114="","",IF(WEEKDAY(A114,2)=7,"Y","N")) -> N | N114: =IF(A114="","",_xludf.TEXTJOIN("; ",TRUE,IF(SUMIFS($J:$J,$C:$C,C114,$B:$B,B114)>Settings!$B$9,"Weekly ordinary hrs >45",""),IF(SUMIFS(Claims!$H:$H,Claims!$C:$C,C114,Claims!$B:$B,B114)>Settings!$B$10,"Weekly OT >10",""),IF(AND(G114<>"Off",COUNTIFS($C:$C,C114,$A:$A,A114-1,$G:$G,"Night")>0),"Rest <12h after night shift",""),IF(J114>5,"Meal interval required",""))) -> #NAME? | O114: Pending
A115: =IF(5+1<=Settings!$B$7,Settings!$B$6+5,"") -> 46148 | B115: =IF(A115="","",A115-WEEKDAY(A115,2)+1) -> 46146 | C115: =IF(Employees!A15="","",Employees!A15) | D115: =IF(C115="","",Employees!B15) | E115: =IF(C115="","",Employees!C15) | F115: =IF(A115="","",MOD(A115-Settings!$B$6,4)+1) -> 2 | G115: =IF(C115="","",INDEX(Rotation_Pattern!$B$4:$E$7,F115,MATCH(E115,{"A","B","C","D"},0))) | H115: =IF(OR(G115="Off",G115=""),"",IF(G115="Day",TIME(6,0,0),IF(G115="Evening",TIME(14,0,0),TIME(22,0,0)))) | I115: =IF(OR(G115="Off",G115=""),"",H115+TIME(Settings!$B$8,0,0)) | J115: =IF(OR(G115="Off",G115=""),0,Settings!$B$8) -> 0 | K115: N | L115: =IF(A115="","",IF(COUNTIF(Public_Holidays!$A$4:$A$80,A115)>0,"Y","N")) -> N | M115: =IF(A115="","",IF(WEEKDAY(A115,2)=7,"Y","N")) -> N | N115: =IF(A115="","",_xludf.TEXTJOIN("; ",TRUE,IF(SUMIFS($J:$J,$C:$C,C115,$B:$B,B115)>Settings!$B$9,"Weekly ordinary hrs >45",""),IF(SUMIFS(Claims!$H:$H,Claims!$C:$C,C115,Claims!$B:$B,B115)>Settings!$B$10,"Weekly OT >10",""),IF(AND(G115<>"Off",COUNTIFS($C:$C,C115,$A:$A,A115-1,$G:$G,"Night")>0),"Rest <12h after night shift",""),IF(J115>5,"Meal interval required",""))) -> #NAME? | O115: Pending
... A123: =IF(5+1<=Settings!$B$7,Settings!$B$6+5,"") -> 46148 | B123: =IF(A123="","",A123-WEEKDAY(A123,2)+1) -> 46146 | C123: =IF(Employees!A23="","",Employees!A23) | D123: =IF(C123="","",Employees!B23) | E123: =IF(C123="","",Employees!C23) | F123: =IF(A123="","",MOD(A123-Settings!$B$6,4)+1) -> 2 | G123: =IF(C123="","",INDEX(Rotation_Pattern!$B$4:$E$7,F123,MATCH(E123,{"A","B","C","D"},0))) | H123: =IF(OR(G123="Off",G123=""),"",IF(G123="Day",TIME(6,0,0),IF(G123="Evening",TIME(14,0,0),TIME(22,0,0)))) | I123: =IF(OR(G123="Off",G123=""),"",H123+TIME(Settings!$B$8,0,0)) | J123: =IF(OR(G123="Off",G123=""),0,Settings!$B$8) -> 0 | K123: N | L123: =IF(A123="","",IF(COUNTIF(Public_Holidays!$A$4:$A$80,A123)>0,"Y","N")) -> N | M123: =IF(A123="","",IF(WEEKDAY(A123,2)=7,"Y","N")) -> N | N123: =IF(A123="","",_xludf.TEXTJOIN("; ",TRUE,IF(SUMIFS($J:$J,$C:$C,C123,$B:$B,B123)>Settings!$B$9,"Weekly ordinary hrs >45",""),IF(SUMIFS(Claims!$H:$H,Claims!$C:$C,C123,Claims!$B:$B,B123)>Settings!$B$10,"Weekly OT >10",""),IF(AND(G123<>"Off",COUNTIFS($C:$C,C123,$A:$A,A123-1,$G:$G,"Night")>0),"Rest <12h after night shift",""),IF(J123>5,"Meal interval required",""))) -> #NAME? | O123: Pending
A124: =IF(6+1<=Settings!$B$7,Settings!$B$6+6,"") -> 46149 | B124: =IF(A124="","",A124-WEEKDAY(A124,2)+1) -> 46146 | C124: =IF(Employees!A4="","",Employees!A4) -> E001 | D124: =IF(C124="","",Employees!B4) -> Musiwa Khavalani | E124: =IF(C124="","",Employees!C4) -> 0 | F124: =IF(A124="","",MOD(A124-Settings!$B$6,4)+1) -> 3 | G124: =IF(C124="","",INDEX(Rotation_Pattern!$B$4:$E$7,F124,MATCH(E124,{"A","B","C","D"},0))) -> #N/A | H124: =IF(OR(G124="Off",G124=""),"",IF(G124="Day",TIME(6,0,0),IF(G124="Evening",TIME(14,0,0),TIME(22,0,0)))) -> #N/A | I124: =IF(OR(G124="Off",G124=""),"",H124+TIME(Settings!$B$8,0,0)) -> #N/A | J124: =IF(OR(G124="Off",G124=""),0,Settings!$B$8) -> #N/A | K124: N | L124: =IF(A124="","",IF(COUNTIF(Public_Holidays!$A$4:$A$80,A124)>0,"Y","N")) -> N | M124: =IF(A124="","",IF(WEEKDAY(A124,2)=7,"Y","N")) -> N | N124: =IF(A124="","",_xludf.TEXTJOIN("; ",TRUE,IF(SUMIFS($J:$J,$C:$C,C124,$B:$B,B124)>Settings!$B$9,"Weekly ordinary hrs >45",""),IF(SUMIFS(Claims!$H:$H,Claims!$C:$C,C124,Claims!$B:$B,B124)>Settings!$B$10,"Weekly OT >10",""),IF(AND(G124<>"Off",COUNTIFS($C:$C,C124,$A:$A,A124-1,$G:$G,"Night")>0),"Rest <12h after night shift",""),IF(J124>5,"Meal interval required",""))) -> #NAME? | O124: Pending
A125: =IF(6+1<=Settings!$B$7,Settings!$B$6+6,"") -> 46149 | B125: =IF(A125="","",A125-WEEKDAY(A125,2)+1) -> 46146 | C125: =IF(Employees!A5="","",Employees!A5) -> E002 | D125: =IF(C125="","",Employees!B5) -> Mpho Nembemhia | E125: =IF(C125="","",Employees!C5) -> B | F125: =IF(A125="","",MOD(A125-Settings!$B$6,4)+1) -> 3 | G125: =IF(C125="","",INDEX(Rotation_Pattern!$B$4:$E$7,F125,MATCH(E125,{"A","B","C","D"},0))) -> Evening | H125: =IF(OR(G125="Off",G125=""),"",IF(G125="Day",TIME(6,0,0),IF(G125="Evening",TIME(14,0,0),TIME(22,0,0)))) -> 0.58333333 | I125: =IF(OR(G125="Off",G125=""),"",H125+TIME(Settings!$B$8,0,0)) -> 0.91666667 | J125: =IF(OR(G125="Off",G125=""),0,Settings!$B$8) -> 8 | K125: N | L125: =IF(A125="","",IF(COUNTIF(Public_Holidays!$A$4:$A$80,A125)>0,"Y","N")) -> N | M125: =IF(A125="","",IF(WEEKDAY(A125,2)=7,"Y","N")) -> N | N125: =IF(A125="","",_xludf.TEXTJOIN("; ",TRUE,IF(SUMIFS($J:$J,$C:$C,C125,$B:$B,B125)>Settings!$B$9,"Weekly ordinary hrs >45",""),IF(SUMIFS(Claims!$H:$H,Claims!$C:$C,C125,Claims!$B:$B,B125)>Settings!$B$10,"Weekly OT >10",""),IF(AND(G125<>"Off",COUNTIFS($C:$C,C125,$A:$A,A125-1,$G:$G,"Night")>0),"Rest <12h after night shift",""),IF(J125>5,"Meal interval required",""))) -> #NAME? | O125: Pending
A126: =IF(6+1<=Settings!$B$7,Settings!$B$6+6,"") -> 46149 | B126: =IF(A126="","",A126-WEEKDAY(A126,2)+1) -> 46146 | C126: =IF(Employees!A6="","",Employees!A6) -> E003 | D126: =IF(C126="","",Employees!B6) -> Dimpho Makhafola | E126: =IF(C126="","",Employees!C6) -> C | F126: =IF(A126="","",MOD(A126-Settings!$B$6,4)+1) -> 3 | G126: =IF(C126="","",INDEX(Rotation_Pattern!$B$4:$E$7,F126,MATCH(E126,{"A","B","C","D"},0))) -> Day | H126: =IF(OR(G126="Off",G126=""),"",IF(G126="Day",TIME(6,0,0),IF(G126="Evening",TIME(14,0,0),TIME(22,0,0)))) -> 0.25 | I126: =IF(OR(G126="Off",G126=""),"",H126+TIME(Settings!$B$8,0,0)) -> 0.58333333 | J126: =IF(OR(G126="Off",G126=""),0,Settings!$B$8) -> 8 | K126: N | L126: =IF(A126="","",IF(COUNTIF(Public_Holidays!$A$4:$A$80,A126)>0,"Y","N")) -> N | M126: =IF(A126="","",IF(WEEKDAY(A126,2)=7,"Y","N")) -> N | N126: =IF(A126="","",_xludf.TEXTJOIN("; ",TRUE,IF(SUMIFS($J:$J,$C:$C,C126,$B:$B,B126)>Settings!$B$9,"Weekly ordinary hrs >45",""),IF(SUMIFS(Claims!$H:$H,Claims!$C:$C,C126,Claims!$B:$B,B126)>Settings!$B$10,"Weekly OT >10",""),IF(AND(G126<>"Off",COUNTIFS($C:$C,C126,$A:$A,A126-1,$G:$G,"Night")>0),"Rest <12h after night shift",""),IF(J126>5,"Meal interval required",""))) -> #NAME? | O126: Pending
A127: =IF(6+1<=Settings!$B$7,Settings!$B$6+6,"") -> 46149 | B127: =IF(A127="","",A127-WEEKDAY(A127,2)+1) -> 46146 | C127: =IF(Employees!A7="","",Employees!A7) -> E004 | D127: =IF(C127="","",Employees!B7) -> Bashii Fall | E127: =IF(C127="","",Employees!C7) -> D | F127: =IF(A127="","",MOD(A127-Settings!$B$6,4)+1) -> 3 | G127: =IF(C127="","",INDEX(Rotation_Pattern!$B$4:$E$7,F127,MATCH(E127,{"A","B","C","D"},0))) -> Off | H127: =IF(OR(G127="Off",G127=""),"",IF(G127="Day",TIME(6,0,0),IF(G127="Evening",TIME(14,0,0),TIME(22,0,0)))) | I127: =IF(OR(G127="Off",G127=""),"",H127+TIME(Settings!$B$8,0,0)) | J127: =IF(OR(G127="Off",G127=""),0,Settings!$B$8) -> 0 | K127: N | L127: =IF(A127="","",IF(COUNTIF(Public_Holidays!$A$4:$A$80,A127)>0,"Y","N")) -> N | M127: =IF(A127="","",IF(WEEKDAY(A127,2)=7,"Y","N")) -> N | N127: =IF(A127="","",_xludf.TEXTJOIN("; ",TRUE,IF(SUMIFS($J:$J,$C:$C,C127,$B:$B,B127)>Settings!$B$9,"Weekly ordinary hrs >45",""),IF(SUMIFS(Claims!$H:$H,Claims!$C:$C,C127,Claims!$B:$B,B127)>Settings!$B$10,"Weekly OT >10",""),IF(AND(G127<>"Off",COUNTIFS($C:$C,C127,$A:$A,A127-1,$G:$G,"Night")>0),"Rest <12h after night shift",""),IF(J127>5,"Meal interval required",""))) -> #NAME? | O127: Pending
A128: =IF(6+1<=Settings!$B$7,Settings!$B$6+6,"") -> 46149 | B128: =IF(A128="","",A128-WEEKDAY(A128,2)+1) -> 46146 | C128: =IF(Employees!A8="","",Employees!A8) -> E005 | D128: =IF(C128="","",Employees!B8) -> Lesego Aphane | E128: =IF(C128="","",Employees!C8) -> A | F128: =IF(A128="","",MOD(A128-Settings!$B$6,4)+1) -> 3 | G128: =IF(C128="","",INDEX(Rotation_Pattern!$B$4:$E$7,F128,MATCH(E128,{"A","B","C","D"},0))) -> Night | H128: =IF(OR(G128="Off",G128=""),"",IF(G128="Day",TIME(6,0,0),IF(G128="Evening",TIME(14,0,0),TIME(22,0,0)))) -> 0.91666667 | I128: =IF(OR(G128="Off",G128=""),"",H128+TIME(Settings!$B$8,0,0)) -> 1.25 | J128: =IF(OR(G128="Off",G128=""),0,Settings!$B$8) -> 8 | K128: N | L128: =IF(A128="","",IF(COUNTIF(Public_Holidays!$A$4:$A$80,A128)>0,"Y","N")) -> N | M128: =IF(A128="","",IF(WEEKDAY(A128,2)=7,"Y","N")) -> N | N128: =IF(A128="","",_xludf.TEXTJOIN("; ",TRUE,IF(SUMIFS($J:$J,$C:$C,C128,$B:$B,B128)>Settings!$B$9,"Weekly ordinary hrs >45",""),IF(SUMIFS(Claims!$H:$H,Claims!$C:$C,C128,Claims!$B:$B,B128)>Settings!$B$10,"Weekly OT >10",""),IF(AND(G128<>"Off",COUNTIFS($C:$C,C128,$A:$A,A128-1,$G:$G,"Night")>0),"Rest <12h after night shift",""),IF(J128>5,"Meal interval required",""))) -> #NAME? | O128: Pending
A129: =IF(6+1<=Settings!$B$7,Settings!$B$6+6,"") -> 46149 | B129: =IF(A129="","",A129-WEEKDAY(A129,2)+1) -> 46146 | C129: =IF(Employees!A9="","",Employees!A9) -> E006 | D129: =IF(C129="","",Employees!B9) -> Nhalnahla | E129: =IF(C129="","",Employees!C9) -> B | F129: =IF(A129="","",MOD(A129-Settings!$B$6,4)+1) -> 3 | G129: =IF(C129="","",INDEX(Rotation_Pattern!$B$4:$E$7,F129,MATCH(E129,{"A","B","C","D"},0))) -> Evening | H129: =IF(OR(G129="Off",G129=""),"",IF(G129="Day",TIME(6,0,0),IF(G129="Evening",TIME(14,0,0),TIME(22,0,0)))) -> 0.58333333 | I129: =IF(OR(G129="Off",G129=""),"",H129+TIME(Settings!$B$8,0,0)) -> 0.91666667 | J129: =IF(OR(G129="Off",G129=""),0,Settings!$B$8) -> 8 | K129: N | L129: =IF(A129="","",IF(COUNTIF(Public_Holidays!$A$4:$A$80,A129)>0,"Y","N")) -> N | M129: =IF(A129="","",IF(WEEKDAY(A129,2)=7,"Y","N")) -> N | N129: =IF(A129="","",_xludf.TEXTJOIN("; ",TRUE,IF(SUMIFS($J:$J,$C:$C,C129,$B:$B,B129)>Settings!$B$9,"Weekly ordinary hrs >45",""),IF(SUMIFS(Claims!$H:$H,Claims!$C:$C,C129,Claims!$B:$B,B129)>Settings!$B$10,"Weekly OT >10",""),IF(AND(G129<>"Off",COUNTIFS($C:$C,C129,$A:$A,A129-1,$G:$G,"Night")>0),"Rest <12h after night shift",""),IF(J129>5,"Meal interval required",""))) -> #NAME? | O129: Pending
A130: =IF(6+1<=Settings!$B$7,Settings!$B$6+6,"") -> 46149 | B130: =IF(A130="","",A130-WEEKDAY(A130,2)+1) -> 46146 | C130: =IF(Employees!A10="","",Employees!A10) -> E007 | D130: =IF(C130="","",Employees!B10) -> Joe | E130: =IF(C130="","",Employees!C10) -> C | F130: =IF(A130="","",MOD(A130-Settings!$B$6,4)+1) -> 3 | G130: =IF(C130="","",INDEX(Rotation_Pattern!$B$4:$E$7,F130,MATCH(E130,{"A","B","C","D"},0))) -> Day | H130: =IF(OR(G130="Off",G130=""),"",IF(G130="Day",TIME(6,0,0),IF(G130="Evening",TIME(14,0,0),TIME(22,0,0)))) -> 0.25 | I130: =IF(OR(G130="Off",G130=""),"",H130+TIME(Settings!$B$8,0,0)) -> 0.58333333 | J130: =IF(OR(G130="Off",G130=""),0,Settings!$B$8) -> 8 | K130: N | L130: =IF(A130="","",IF(COUNTIF(Public_Holidays!$A$4:$A$80,A130)>0,"Y","N")) -> N | M130: =IF(A130="","",IF(WEEKDAY(A130,2)=7,"Y","N")) -> N | N130: =IF(A130="","",_xludf.TEXTJOIN("; ",TRUE,IF(SUMIFS($J:$J,$C:$C,C130,$B:$B,B130)>Settings!$B$9,"Weekly ordinary hrs >45",""),IF(SUMIFS(Claims!$H:$H,Claims!$C:$C,C130,Claims!$B:$B,B130)>Settings!$B$10,"Weekly OT >10",""),IF(AND(G130<>"Off",COUNTIFS($C:$C,C130,$A:$A,A130-1,$G:$G,"Night")>0),"Rest <12h after night shift",""),IF(J130>5,"Meal interval required",""))) -> #NAME? | O130: Pending
A131: =IF(6+1<=Settings!$B$7,Settings!$B$6+6,"") -> 46149 | B131: =IF(A131="","",A131-WEEKDAY(A131,2)+1) -> 46146 | C131: =IF(Employees!A11="","",Employees!A11) -> E008 | D131: =IF(C131="","",Employees!B11) -> Tim | E131: =IF(C131="","",Employees!C11) -> D | F131: =IF(A131="","",MOD(A131-Settings!$B$6,4)+1) -> 3 | G131: =IF(C131="","",INDEX(Rotation_Pattern!$B$4:$E$7,F131,MATCH(E131,{"A","B","C","D"},0))) -> Off | H131: =IF(OR(G131="Off",G131=""),"",IF(G131="Day",TIME(6,0,0),IF(G131="Evening",TIME(14,0,0),TIME(22,0,0)))) | I131: =IF(OR(G131="Off",G131=""),"",H131+TIME(Settings!$B$8,0,0)) | J131: =IF(OR(G131="Off",G131=""),0,Settings!$B$8) -> 0 | K131: N | L131: =IF(A131="","",IF(COUNTIF(Public_Holidays!$A$4:$A$80,A131)>0,"Y","N")) -> N | M131: =IF(A131="","",IF(WEEKDAY(A131,2)=7,"Y","N")) -> N | N131: =IF(A131="","",_xludf.TEXTJOIN("; ",TRUE,IF(SUMIFS($J:$J,$C:$C,C131,$B:$B,B131)>Settings!$B$9,"Weekly ordinary hrs >45",""),IF(SUMIFS(Claims!$H:$H,Claims!$C:$C,C131,Claims!$B:$B,B131)>Settings!$B$10,"Weekly OT >10",""),IF(AND(G131<>"Off",COUNTIFS($C:$C,C131,$A:$A,A131-1,$G:$G,"Night")>0),"Rest <12h after night shift",""),IF(J131>5,"Meal interval required",""))) -> #NAME? | O131: Pending
A132: =IF(6+1<=Settings!$B$7,Settings!$B$6+6,"") -> 46149 | B132: =IF(A132="","",A132-WEEKDAY(A132,2)+1) -> 46146 | C132: =IF(Employees!A12="","",Employees!A12) -> E009 | D132: =IF(C132="","",Employees!B12) -> Frank | E132: =IF(C132="","",Employees!C12) -> A | F132: =IF(A132="","",MOD(A132-Settings!$B$6,4)+1) -> 3 | G132: =IF(C132="","",INDEX(Rotation_Pattern!$B$4:$E$7,F132,MATCH(E132,{"A","B","C","D"},0))) -> Night | H132: =IF(OR(G132="Off",G132=""),"",IF(G132="Day",TIME(6,0,0),IF(G132="Evening",TIME(14,0,0),TIME(22,0,0)))) -> 0.91666667 | I132: =IF(OR(G132="Off",G132=""),"",H132+TIME(Settings!$B$8,0,0)) -> 1.25 | J132: =IF(OR(G132="Off",G132=""),0,Settings!$B$8) -> 8 | K132: N | L132: =IF(A132="","",IF(COUNTIF(Public_Holidays!$A$4:$A$80,A132)>0,"Y","N")) -> N | M132: =IF(A132="","",IF(WEEKDAY(A132,2)=7,"Y","N")) -> N | N132: =IF(A132="","",_xludf.TEXTJOIN("; ",TRUE,IF(SUMIFS($J:$J,$C:$C,C132,$B:$B,B132)>Settings!$B$9,"Weekly ordinary hrs >45",""),IF(SUMIFS(Claims!$H:$H,Claims!$C:$C,C132,Claims!$B:$B,B132)>Settings!$B$10,"Weekly OT >10",""),IF(AND(G132<>"Off",COUNTIFS($C:$C,C132,$A:$A,A132-1,$G:$G,"Night")>0),"Rest <12h after night shift",""),IF(J132>5,"Meal interval required",""))) -> #NAME? | O132: Pending
A133: =IF(6+1<=Settings!$B$7,Settings!$B$6+6,"") -> 46149 | B133: =IF(A133="","",A133-WEEKDAY(A133,2)+1) -> 46146 | C133: =IF(Employees!A13="","",Employees!A13) | D133: =IF(C133="","",Employees!B13) | E133: =IF(C133="","",Employees!C13) | F133: =IF(A133="","",MOD(A133-Settings!$B$6,4)+1) -> 3 | G133: =IF(C133="","",INDEX(Rotation_Pattern!$B$4:$E$7,F133,MATCH(E133,{"A","B","C","D"},0))) | H133: =IF(OR(G133="Off",G133=""),"",IF(G133="Day",TIME(6,0,0),IF(G133="Evening",TIME(14,0,0),TIME(22,0,0)))) | I133: =IF(OR(G133="Off",G133=""),"",H133+TIME(Settings!$B$8,0,0)) | J133: =IF(OR(G133="Off",G133=""),0,Settings!$B$8) -> 0 | K133: N | L133: =IF(A133="","",IF(COUNTIF(Public_Holidays!$A$4:$A$80,A133)>0,"Y","N")) -> N | M133: =IF(A133="","",IF(WEEKDAY(A133,2)=7,"Y","N")) -> N | N133: =IF(A133="","",_xludf.TEXTJOIN("; ",TRUE,IF(SUMIFS($J:$J,$C:$C,C133,$B:$B,B133)>Settings!$B$9,"Weekly ordinary hrs >45",""),IF(SUMIFS(Claims!$H:$H,Claims!$C:$C,C133,Claims!$B:$B,B133)>Settings!$B$10,"Weekly OT >10",""),IF(AND(G133<>"Off",COUNTIFS($C:$C,C133,$A:$A,A133-1,$G:$G,"Night")>0),"Rest <12h after night shift",""),IF(J133>5,"Meal interval required",""))) -> #NAME? | O133: Pending
A134: =IF(6+1<=Settings!$B$7,Settings!$B$6+6,"") -> 46149 | B134: =IF(A134="","",A134-WEEKDAY(A134,2)+1) -> 46146 | C134: =IF(Employees!A14="","",Employees!A14) | D134: =IF(C134="","",Employees!B14) | E134: =IF(C134="","",Employees!C14) | F134: =IF(A134="","",MOD(A134-Settings!$B$6,4)+1) -> 3 | G134: =IF(C134="","",INDEX(Rotation_Pattern!$B$4:$E$7,F134,MATCH(E134,{"A","B","C","D"},0))) | H134: =IF(OR(G134="Off",G134=""),"",IF(G134="Day",TIME(6,0,0),IF(G134="Evening",TIME(14,0,0),TIME(22,0,0)))) | I134: =IF(OR(G134="Off",G134=""),"",H134+TIME(Settings!$B$8,0,0)) | J134: =IF(OR(G134="Off",G134=""),0,Settings!$B$8) -> 0 | K134: N | L134: =IF(A134="","",IF(COUNTIF(Public_Holidays!$A$4:$A$80,A134)>0,"Y","N")) -> N | M134: =IF(A134="","",IF(WEEKDAY(A134,2)=7,"Y","N")) -> N | N134: =IF(A134="","",_xludf.TEXTJOIN("; ",TRUE,IF(SUMIFS($J:$J,$C:$C,C134,$B:$B,B134)>Settings!$B$9,"Weekly ordinary hrs >45",""),IF(SUMIFS(Claims!$H:$H,Claims!$C:$C,C134,Claims!$B:$B,B134)>Settings!$B$10,"Weekly OT >10",""),IF(AND(G134<>"Off",COUNTIFS($C:$C,C134,$A:$A,A134-1,$G:$G,"Night")>0),"Rest <12h after night shift",""),IF(J134>5,"Meal interval required",""))) -> #NAME? | O134: Pending
A135: =IF(6+1<=Settings!$B$7,Settings!$B$6+6,"") -> 46149 | B135: =IF(A135="","",A135-WEEKDAY(A135,2)+1) -> 46146 | C135: =IF(Employees!A15="","",Employees!A15) | D135: =IF(C135="","",Employees!B15) | E135: =IF(C135="","",Employees!C15) | F135: =IF(A135="","",MOD(A135-Settings!$B$6,4)+1) -> 3 | G135: =IF(C135="","",INDEX(Rotation_Pattern!$B$4:$E$7,F135,MATCH(E135,{"A","B","C","D"},0))) | H135: =IF(OR(G135="Off",G135=""),"",IF(G135="Day",TIME(6,0,0),IF(G135="Evening",TIME(14,0,0),TIME(22,0,0)))) | I135: =IF(OR(G135="Off",G135=""),"",H135+TIME(Settings!$B$8,0,0)) | J135: =IF(OR(G135="Off",G135=""),0,Settings!$B$8) -> 0 | K135: N | L135: =IF(A135="","",IF(COUNTIF(Public_Holidays!$A$4:$A$80,A135)>0,"Y","N")) -> N | M135: =IF(A135="","",IF(WEEKDAY(A135,2)=7,"Y","N")) -> N | N135: =IF(A135="","",_xludf.TEXTJOIN("; ",TRUE,IF(SUMIFS($J:$J,$C:$C,C135,$B:$B,B135)>Settings!$B$9,"Weekly ordinary hrs >45",""),IF(SUMIFS(Claims!$H:$H,Claims!$C:$C,C135,Claims!$B:$B,B135)>Settings!$B$10,"Weekly OT >10",""),IF(AND(G135<>"Off",COUNTIFS($C:$C,C135,$A:$A,A135-1,$G:$G,"Night")>0),"Rest <12h after night shift",""),IF(J135>5,"Meal interval required",""))) -> #NAME? | O135: Pending
... A143: =IF(6+1<=Settings!$B$7,Settings!$B$6+6,"") -> 46149 | B143: =IF(A143="","",A143-WEEKDAY(A143,2)+1) -> 46146 | C143: =IF(Employees!A23="","",Employees!A23) | D143: =IF(C143="","",Employees!B23) | E143: =IF(C143="","",Employees!C23) | F143: =IF(A143="","",MOD(A143-Settings!$B$6,4)+1) -> 3 | G143: =IF(C143="","",INDEX(Rotation_Pattern!$B$4:$E$7,F143,MATCH(E143,{"A","B","C","D"},0))) | H143: =IF(OR(G143="Off",G143=""),"",IF(G143="Day",TIME(6,0,0),IF(G143="Evening",TIME(14,0,0),TIME(22,0,0)))) | I143: =IF(OR(G143="Off",G143=""),"",H143+TIME(Settings!$B$8,0,0)) | J143: =IF(OR(G143="Off",G143=""),0,Settings!$B$8) -> 0 | K143: N | L143: =IF(A143="","",IF(COUNTIF(Public_Holidays!$A$4:$A$80,A143)>0,"Y","N")) -> N | M143: =IF(A143="","",IF(WEEKDAY(A143,2)=7,"Y","N")) -> N | N143: =IF(A143="","",_xludf.TEXTJOIN("; ",TRUE,IF(SUMIFS($J:$J,$C:$C,C143,$B:$B,B143)>Settings!$B$9,"Weekly ordinary hrs >45",""),IF(SUMIFS(Claims!$H:$H,Claims!$C:$C,C143,Claims!$B:$B,B143)>Settings!$B$10,"Weekly OT >10",""),IF(AND(G143<>"Off",COUNTIFS($C:$C,C143,$A:$A,A143-1,$G:$G,"Night")>0),"Rest <12h after night shift",""),IF(J143>5,"Meal interval required",""))) -> #NAME? | O143: Pending
A144: =IF(7+1<=Settings!$B$7,Settings!$B$6+7,"") -> 46150 | B144: =IF(A144="","",A144-WEEKDAY(A144,2)+1) -> 46146 | C144: =IF(Employees!A4="","",Employees!A4) -> E001 | D144: =IF(C144="","",Employees!B4) -> Musiwa Khavalani | E144: =IF(C144="","",Employees!C4) -> 0 | F144: =IF(A144="","",MOD(A144-Settings!$B$6,4)+1) -> 4 | G144: =IF(C144="","",INDEX(Rotation_Pattern!$B$4:$E$7,F144,MATCH(E144,{"A","B","C","D"},0))) -> #N/A | H144: =IF(OR(G144="Off",G144=""),"",IF(G144="Day",TIME(6,0,0),IF(G144="Evening",TIME(14,0,0),TIME(22,0,0)))) -> #N/A | I144: =IF(OR(G144="Off",G144=""),"",H144+TIME(Settings!$B$8,0,0)) -> #N/A | J144: =IF(OR(G144="Off",G144=""),0,Settings!$B$8) -> #N/A | K144: N | L144: =IF(A144="","",IF(COUNTIF(Public_Holidays!$A$4:$A$80,A144)>0,"Y","N")) -> N | M144: =IF(A144="","",IF(WEEKDAY(A144,2)=7,"Y","N")) -> N | N144: =IF(A144="","",_xludf.TEXTJOIN("; ",TRUE,IF(SUMIFS($J:$J,$C:$C,C144,$B:$B,B144)>Settings!$B$9,"Weekly ordinary hrs >45",""),IF(SUMIFS(Claims!$H:$H,Claims!$C:$C,C144,Claims!$B:$B,B144)>Settings!$B$10,"Weekly OT >10",""),IF(AND(G144<>"Off",COUNTIFS($C:$C,C144,$A:$A,A144-1,$G:$G,"Night")>0),"Rest <12h after night shift",""),IF(J144>5,"Meal interval required",""))) -> #NAME? | O144: Pending
A145: =IF(7+1<=Settings!$B$7,Settings!$B$6+7,"") -> 46150 | B145: =IF(A145="","",A145-WEEKDAY(A145,2)+1) -> 46146 | C145: =IF(Employees!A5="","",Employees!A5) -> E002 | D145: =IF(C145="","",Employees!B5) -> Mpho Nembemhia | E145: =IF(C145="","",Employees!C5) -> B | F145: =IF(A145="","",MOD(A145-Settings!$B$6,4)+1) -> 4 | G145: =IF(C145="","",INDEX(Rotation_Pattern!$B$4:$E$7,F145,MATCH(E145,{"A","B","C","D"},0))) -> Night | H145: =IF(OR(G145="Off",G145=""),"",IF(G145="Day",TIME(6,0,0),IF(G145="Evening",TIME(14,0,0),TIME(22,0,0)))) -> 0.91666667 | I145: =IF(OR(G145="Off",G145=""),"",H145+TIME(Settings!$B$8,0,0)) -> 1.25 | J145: =IF(OR(G145="Off",G145=""),0,Settings!$B$8) -> 8 | K145: N | L145: =IF(A145="","",IF(COUNTIF(Public_Holidays!$A$4:$A$80,A145)>0,"Y","N")) -> N | M145: =IF(A145="","",IF(WEEKDAY(A145,2)=7,"Y","N")) -> N | N145: =IF(A145="","",_xludf.TEXTJOIN("; ",TRUE,IF(SUMIFS($J:$J,$C:$C,C145,$B:$B,B145)>Settings!$B$9,"Weekly ordinary hrs >45",""),IF(SUMIFS(Claims!$H:$H,Claims!$C:$C,C145,Claims!$B:$B,B145)>Settings!$B$10,"Weekly OT >10",""),IF(AND(G145<>"Off",COUNTIFS($C:$C,C145,$A:$A,A145-1,$G:$G,"Night")>0),"Rest <12h after night shift",""),IF(J145>5,"Meal interval required",""))) -> #NAME? | O145: Pending
A146: =IF(7+1<=Settings!$B$7,Settings!$B$6+7,"") -> 46150 | B146: =IF(A146="","",A146-WEEKDAY(A146,2)+1) -> 46146 | C146: =IF(Employees!A6="","",Employees!A6) -> E003 | D146: =IF(C146="","",Employees!B6) -> Dimpho Makhafola | E146: =IF(C146="","",Employees!C6) -> C | F146: =IF(A146="","",MOD(A146-Settings!$B$6,4)+1) -> 4 | G146: =IF(C146="","",INDEX(Rotation_Pattern!$B$4:$E$7,F146,MATCH(E146,{"A","B","C","D"},0))) -> Evening | H146: =IF(OR(G146="Off",G146=""),"",IF(G146="Day",TIME(6,0,0),IF(G146="Evening",TIME(14,0,0),TIME(22,0,0)))) -> 0.58333333 | I146: =IF(OR(G146="Off",G146=""),"",H146+TIME(Settings!$B$8,0,0)) -> 0.91666667 | J146: =IF(OR(G146="Off",G146=""),0,Settings!$B$8) -> 8 | K146: N | L146: =IF(A146="","",IF(COUNTIF(Public_Holidays!$A$4:$A$80,A146)>0,"Y","N")) -> N | M146: =IF(A146="","",IF(WEEKDAY(A146,2)=7,"Y","N")) -> N | N146: =IF(A146="","",_xludf.TEXTJOIN("; ",TRUE,IF(SUMIFS($J:$J,$C:$C,C146,$B:$B,B146)>Settings!$B$9,"Weekly ordinary hrs >45",""),IF(SUMIFS(Claims!$H:$H,Claims!$C:$C,C146,Claims!$B:$B,B146)>Settings!$B$10,"Weekly OT >10",""),IF(AND(G146<>"Off",COUNTIFS($C:$C,C146,$A:$A,A146-1,$G:$G,"Night")>0),"Rest <12h after night shift",""),IF(J146>5,"Meal interval required",""))) -> #NAME? | O146: Pending
A147: =IF(7+1<=Settings!$B$7,Settings!$B$6+7,"") -> 46150 | B147: =IF(A147="","",A147-WEEKDAY(A147,2)+1) -> 46146 | C147: =IF(Employees!A7="","",Employees!A7) -> E004 | D147: =IF(C147="","",Employees!B7) -> Bashii Fall | E147: =IF(C147="","",Employees!C7) -> D | F147: =IF(A147="","",MOD(A147-Settings!$B$6,4)+1) -> 4 | G147: =IF(C147="","",INDEX(Rotation_Pattern!$B$4:$E$7,F147,MATCH(E147,{"A","B","C","D"},0))) -> Day | H147: =IF(OR(G147="Off",G147=""),"",IF(G147="Day",TIME(6,0,0),IF(G147="Evening",TIME(14,0,0),TIME(22,0,0)))) -> 0.25 | I147: =IF(OR(G147="Off",G147=""),"",H147+TIME(Settings!$B$8,0,0)) -> 0.58333333 | J147: =IF(OR(G147="Off",G147=""),0,Settings!$B$8) -> 8 | K147: N | L147: =IF(A147="","",IF(COUNTIF(Public_Holidays!$A$4:$A$80,A147)>0,"Y","N")) -> N | M147: =IF(A147="","",IF(WEEKDAY(A147,2)=7,"Y","N")) -> N | N147: =IF(A147="","",_xludf.TEXTJOIN("; ",TRUE,IF(SUMIFS($J:$J,$C:$C,C147,$B:$B,B147)>Settings!$B$9,"Weekly ordinary hrs >45",""),IF(SUMIFS(Claims!$H:$H,Claims!$C:$C,C147,Claims!$B:$B,B147)>Settings!$B$10,"Weekly OT >10",""),IF(AND(G147<>"Off",COUNTIFS($C:$C,C147,$A:$A,A147-1,$G:$G,"Night")>0),"Rest <12h after night shift",""),IF(J147>5,"Meal interval required",""))) -> #NAME? | O147: Pending
A148: =IF(7+1<=Settings!$B$7,Settings!$B$6+7,"") -> 46150 | B148: =IF(A148="","",A148-WEEKDAY(A148,2)+1) -> 46146 | C148: =IF(Employees!A8="","",Employees!A8) -> E005 | D148: =IF(C148="","",Employees!B8) -> Lesego Aphane | E148: =IF(C148="","",Employees!C8) -> A | F148: =IF(A148="","",MOD(A148-Settings!$B$6,4)+1) -> 4 | G148: =IF(C148="","",INDEX(Rotation_Pattern!$B$4:$E$7,F148,MATCH(E148,{"A","B","C","D"},0))) -> Off | H148: =IF(OR(G148="Off",G148=""),"",IF(G148="Day",TIME(6,0,0),IF(G148="Evening",TIME(14,0,0),TIME(22,0,0)))) | I148: =IF(OR(G148="Off",G148=""),"",H148+TIME(Settings!$B$8,0,0)) | J148: =IF(OR(G148="Off",G148=""),0,Settings!$B$8) -> 0 | K148: N | L148: =IF(A148="","",IF(COUNTIF(Public_Holidays!$A$4:$A$80,A148)>0,"Y","N")) -> N | M148: =IF(A148="","",IF(WEEKDAY(A148,2)=7,"Y","N")) -> N | N148: =IF(A148="","",_xludf.TEXTJOIN("; ",TRUE,IF(SUMIFS($J:$J,$C:$C,C148,$B:$B,B148)>Settings!$B$9,"Weekly ordinary hrs >45",""),IF(SUMIFS(Claims!$H:$H,Claims!$C:$C,C148,Claims!$B:$B,B148)>Settings!$B$10,"Weekly OT >10",""),IF(AND(G148<>"Off",COUNTIFS($C:$C,C148,$A:$A,A148-1,$G:$G,"Night")>0),"Rest <12h after night shift",""),IF(J148>5,"Meal interval required",""))) -> #NAME? | O148: Pending
A149: =IF(7+1<=Settings!$B$7,Settings!$B$6+7,"") -> 46150 | B149: =IF(A149="","",A149-WEEKDAY(A149,2)+1) -> 46146 | C149: =IF(Employees!A9="","",Employees!A9) -> E006 | D149: =IF(C149="","",Employees!B9) -> Nhalnahla | E149: =IF(C149="","",Employees!C9) -> B | F149: =IF(A149="","",MOD(A149-Settings!$B$6,4)+1) -> 4 | G149: =IF(C149="","",INDEX(Rotation_Pattern!$B$4:$E$7,F149,MATCH(E149,{"A","B","C","D"},0))) -> Night | H149: =IF(OR(G149="Off",G149=""),"",IF(G149="Day",TIME(6,0,0),IF(G149="Evening",TIME(14,0,0),TIME(22,0,0)))) -> 0.91666667 | I149: =IF(OR(G149="Off",G149=""),"",H149+TIME(Settings!$B$8,0,0)) -> 1.25 | J149: =IF(OR(G149="Off",G149=""),0,Settings!$B$8) -> 8 | K149: N | L149: =IF(A149="","",IF(COUNTIF(Public_Holidays!$A$4:$A$80,A149)>0,"Y","N")) -> N | M149: =IF(A149="","",IF(WEEKDAY(A149,2)=7,"Y","N")) -> N | N149: =IF(A149="","",_xludf.TEXTJOIN("; ",TRUE,IF(SUMIFS($J:$J,$C:$C,C149,$B:$B,B149)>Settings!$B$9,"Weekly ordinary hrs >45",""),IF(SUMIFS(Claims!$H:$H,Claims!$C:$C,C149,Claims!$B:$B,B149)>Settings!$B$10,"Weekly OT >10",""),IF(AND(G149<>"Off",COUNTIFS($C:$C,C149,$A:$A,A149-1,$G:$G,"Night")>0),"Rest <12h after night shift",""),IF(J149>5,"Meal interval required",""))) -> #NAME? | O149: Pending
...

Sheet Claims
A1: Shift Hours Claim Sheet
A3: Claim Date | B3: Week Start | C3: Employee ID | D3: Employee Name | E3: Team | F3: Shift Type | G3: Claimed Hours | H3: Overtime Hours | I3: Normal Hours | J3: Sunday Hours | K3: Public Holiday Hours | L3: Standby? | M3: Standby Amount | N3: Night Hours | O3: Night Allowance | P3: Hourly Rate | Q3: Normal Pay | R3: Overtime Pay | S3: Sunday Pay | T3: Public Holiday Pay | U3: Total Claim | V3: Approval Status | W3: Compliance Flags | X3: Manager Notes
A4: =Auto_Roster!A4 -> 46143 | B4: =Auto_Roster!B4 -> 46139 | C4: =Auto_Roster!C4 -> E001 | D4: =Auto_Roster!D4 -> Musiwa Khavalani | E4: A | F4: =Auto_Roster!G4 -> #N/A | G4: =Auto_Roster!J4 -> #N/A | H4: =IF(G4>Settings!$B$19,G4-Settings!$B$19,0) -> #N/A | I4: =MAX(0,G4-H4) -> #N/A | J4: =IF(Auto_Roster!M4="Y",G4,0) -> 0 | K4: =IF(Auto_Roster!L4="Y",G4,0) -> #N/A | L4: =Auto_Roster!K4 -> N | M4: =IF(L4="Y",Settings!$B$16,0) -> 0 | N4: =IF(F4="Night",G4,0) -> #N/A | O4: =N4*Settings!$B$17 -> #N/A | P4: =IFERROR(VLOOKUP(C4,Employees!$A$4:$E$103,5,FALSE),Settings!$B$18) -> 100 | Q4: =I4*P4 -> #N/A | R4: =H4*P4*Settings!$B$13 -> #N/A | S4: =J4*P4*(Settings!$B$14-1) -> 0 | T4: =K4*P4*(Settings!$B$15-1) -> #N/A | U4: =SUM(Q4:T4)+M4+O4 -> #N/A | V4: =Auto_Roster!O4 -> Pending | W4: =_xludf.TEXTJOIN("; ",TRUE,Auto_Roster!N4,IF(G4>Settings!$B$19,"Approval required > standard hours",""),IF(AND(F4<>"Off",G4=0),"Missing claimed hours","")) -> #NAME?
A5: =Auto_Roster!A5 -> 46143 | B5: =Auto_Roster!B5 -> 46139 | C5: =Auto_Roster!C5 -> E002 | D5: =Auto_Roster!D5 -> Mpho Nembemhia | E5: =Auto_Roster!E5 -> B | F5: =Auto_Roster!G5 -> Off | G5: =Auto_Roster!J5 -> 0 | H5: =IF(G5>Settings!$B$19,G5-Settings!$B$19,0) -> 0 | I5: =MAX(0,G5-H5) -> 0 | J5: =IF(Auto_Roster!M5="Y",G5,0) -> 0 | K5: =IF(Auto_Roster!L5="Y",G5,0) -> 0 | L5: =Auto_Roster!K5 -> N | M5: =IF(L5="Y",Settings!$B$16,0) -> 0 | N5: =IF(F5="Night",G5,0) -> 0 | O5: =N5*Settings!$B$17 -> 0 | P5: =IFERROR(VLOOKUP(C5,Employees!$A$4:$E$103,5,FALSE),Settings!$B$18) -> 100 | Q5: =I5*P5 -> 0 | R5: =H5*P5*Settings!$B$13 -> 0 | S5: =J5*P5*(Settings!$B$14-1) -> 0 | T5: =K5*P5*(Settings!$B$15-1) -> 0 | U5: =SUM(Q5:T5)+M5+O5 -> 0 | V5: =Auto_Roster!O5 -> Pending | W5: =_xludf.TEXTJOIN("; ",TRUE,Auto_Roster!N5,IF(G5>Settings!$B$19,"Approval required > standard hours",""),IF(AND(F5<>"Off",G5=0),"Missing claimed hours","")) -> #NAME?
A6: =Auto_Roster!A6 -> 46143 | B6: =Auto_Roster!B6 -> 46139 | C6: =Auto_Roster!C6 -> E003 | D6: =Auto_Roster!D6 -> Dimpho Makhafola | E6: =Auto_Roster!E6 -> C | F6: =Auto_Roster!G6 -> Evening | G6: =Auto_Roster!J6 -> 8 | H6: =IF(G6>Settings!$B$19,G6-Settings!$B$19,0) -> 0 | I6: =MAX(0,G6-H6) -> 8 | J6: =IF(Auto_Roster!M6="Y",G6,0) -> 0 | K6: =IF(Auto_Roster!L6="Y",G6,0) -> 8 | L6: =Auto_Roster!K6 -> N | M6: =IF(L6="Y",Settings!$B$16,0) -> 0 | N6: =IF(F6="Night",G6,0) -> 0 | O6: =N6*Settings!$B$17 -> 0 | P6: =IFERROR(VLOOKUP(C6,Employees!$A$4:$E$103,5,FALSE),Settings!$B$18) -> 100 | Q6: =I6*P6 -> 800 | R6: =H6*P6*Settings!$B$13 -> 0 | S6: =J6*P6*(Settings!$B$14-1) -> 0 | T6: =K6*P6*(Settings!$B$15-1) -> 800 | U6: =SUM(Q6:T6)+M6+O6 -> 1600 | V6: =Auto_Roster!O6 -> Pending | W6: =_xludf.TEXTJOIN("; ",TRUE,Auto_Roster!N6,IF(G6>Settings!$B$19,"Approval required > standard hours",""),IF(AND(F6<>"Off",G6=0),"Missing claimed hours","")) -> #NAME?
A7: =Auto_Roster!A7 -> 46143 | B7: =Auto_Roster!B7 -> 46139 | C7: =Auto_Roster!C7 -> E004 | D7: =Auto_Roster!D7 -> Bashii Fall | E7: =Auto_Roster!E7 -> D | F7: =Auto_Roster!G7 -> Night | G7: =Auto_Roster!J7 -> 8 | H7: =IF(G7>Settings!$B$19,G7-Settings!$B$19,0) -> 0 | I7: =MAX(0,G7-H7) -> 8 | J7: =IF(Auto_Roster!M7="Y",G7,0) -> 0 | K7: =IF(Auto_Roster!L7="Y",G7,0) -> 8 | L7: =Auto_Roster!K7 -> N | M7: =IF(L7="Y",Settings!$B$16,0) -> 0 | N7: =IF(F7="Night",G7,0) -> 8 | O7: =N7*Settings!$B$17 -> 0 | P7: =IFERROR(VLOOKUP(C7,Employees!$A$4:$E$103,5,FALSE),Settings!$B$18) -> 100 | Q7: =I7*P7 -> 800 | R7: =H7*P7*Settings!$B$13 -> 0 | S7: =J7*P7*(Settings!$B$14-1) -> 0 | T7: =K7*P7*(Settings!$B$15-1) -> 800 | U7: =SUM(Q7:T7)+M7+O7 -> 1600 | V7: =Auto_Roster!O7 -> Pending | W7: =_xludf.TEXTJOIN("; ",TRUE,Auto_Roster!N7,IF(G7>Settings!$B$19,"Approval required > standard hours",""),IF(AND(F7<>"Off",G7=0),"Missing claimed hours","")) -> #NAME?
A8: =Auto_Roster!A8 -> 46143 | B8: =Auto_Roster!B8 -> 46139 | C8: =Auto_Roster!C8 -> E005 | D8: =Auto_Roster!D8 -> Lesego Aphane | E8: =Auto_Roster!E8 -> A | F8: =Auto_Roster!G8 -> Day | G8: =Auto_Roster!J8 -> 8 | H8: =IF(G8>Settings!$B$19,G8-Settings!$B$19,0) -> 0 | I8: =MAX(0,G8-H8) -> 8 | J8: =IF(Auto_Roster!M8="Y",G8,0) -> 0 | K8: =IF(Auto_Roster!L8="Y",G8,0) -> 8 | L8: =Auto_Roster!K8 -> N | M8: =IF(L8="Y",Settings!$B$16,0) -> 0 | N8: =IF(F8="Night",G8,0) -> 0 | O8: =N8*Settings!$B$17 -> 0 | P8: =IFERROR(VLOOKUP(C8,Employees!$A$4:$E$103,5,FALSE),Settings!$B$18) -> 100 | Q8: =I8*P8 -> 800 | R8: =H8*P8*Settings!$B$13 -> 0 | S8: =J8*P8*(Settings!$B$14-1) -> 0 | T8: =K8*P8*(Settings!$B$15-1) -> 800 | U8: =SUM(Q8:T8)+M8+O8 -> 1600 | V8: =Auto_Roster!O8 -> Pending | W8: =_xludf.TEXTJOIN("; ",TRUE,Auto_Roster!N8,IF(G8>Settings!$B$19,"Approval required > standard hours",""),IF(AND(F8<>"Off",G8=0),"Missing claimed hours","")) -> #NAME?
A9: =Auto_Roster!A9 -> 46143 | B9: =Auto_Roster!B9 -> 46139 | C9: =Auto_Roster!C9 -> E006 | D9: =Auto_Roster!D9 -> Nhalnahla | E9: =Auto_Roster!E9 -> B | F9: =Auto_Roster!G9 -> Off | G9: =Auto_Roster!J9 -> 0 | H9: =IF(G9>Settings!$B$19,G9-Settings!$B$19,0) -> 0 | I9: =MAX(0,G9-H9) -> 0 | J9: =IF(Auto_Roster!M9="Y",G9,0) -> 0 | K9: =IF(Auto_Roster!L9="Y",G9,0) -> 0 | L9: =Auto_Roster!K9 -> N | M9: =IF(L9="Y",Settings!$B$16,0) -> 0 | N9: =IF(F9="Night",G9,0) -> 0 | O9: =N9*Settings!$B$17 -> 0 | P9: =IFERROR(VLOOKUP(C9,Employees!$A$4:$E$103,5,FALSE),Settings!$B$18) -> 100 | Q9: =I9*P9 -> 0 | R9: =H9*P9*Settings!$B$13 -> 0 | S9: =J9*P9*(Settings!$B$14-1) -> 0 | T9: =K9*P9*(Settings!$B$15-1) -> 0 | U9: =SUM(Q9:T9)+M9+O9 -> 0 | V9: =Auto_Roster!O9 -> Pending | W9: =_xludf.TEXTJOIN("; ",TRUE,Auto_Roster!N9,IF(G9>Settings!$B$19,"Approval required > standard hours",""),IF(AND(F9<>"Off",G9=0),"Missing claimed hours","")) -> #NAME?
A10: =Auto_Roster!A10 -> 46143 | B10: =Auto_Roster!B10 -> 46139 | C10: =Auto_Roster!C10 -> E007 | D10: =Auto_Roster!D10 -> Joe | E10: =Auto_Roster!E10 -> C | F10: =Auto_Roster!G10 -> Evening | G10: =Auto_Roster!J10 -> 8 | H10: =IF(G10>Settings!$B$19,G10-Settings!$B$19,0) -> 0 | I10: =MAX(0,G10-H10) -> 8 | J10: =IF(Auto_Roster!M10="Y",G10,0) -> 0 | K10: =IF(Auto_Roster!L10="Y",G10,0) -> 8 | L10: =Auto_Roster!K10 -> N | M10: =IF(L10="Y",Settings!$B$16,0) -> 0 | N10: =IF(F10="Night",G10,0) -> 0 | O10: =N10*Settings!$B$17 -> 0 | P10: =IFERROR(VLOOKUP(C10,Employees!$A$4:$E$103,5,FALSE),Settings!$B$18) -> 100 | Q10: =I10*P10 -> 800 | R10: =H10*P10*Settings!$B$13 -> 0 | S10: =J10*P10*(Settings!$B$14-1) -> 0 | T10: =K10*P10*(Settings!$B$15-1) -> 800 | U10: =SUM(Q10:T10)+M10+O10 -> 1600 | V10: =Auto_Roster!O10 -> Pending | W10: =_xludf.TEXTJOIN("; ",TRUE,Auto_Roster!N10,IF(G10>Settings!$B$19,"Approval required > standard hours",""),IF(AND(F10<>"Off",G10=0),"Missing claimed hours","")) -> #NAME?
A11: =Auto_Roster!A11 -> 46143 | B11: =Auto_Roster!B11 -> 46139 | C11: =Auto_Roster!C11 -> E008 | D11: =Auto_Roster!D11 -> Tim | E11: =Auto_Roster!E11 -> D | F11: =Auto_Roster!G11 -> Night | G11: =Auto_Roster!J11 -> 8 | H11: =IF(G11>Settings!$B$19,G11-Settings!$B$19,0) -> 0 | I11: =MAX(0,G11-H11) -> 8 | J11: =IF(Auto_Roster!M11="Y",G11,0) -> 0 | K11: =IF(Auto_Roster!L11="Y",G11,0) -> 8 | L11: =Auto_Roster!K11 -> N | M11: =IF(L11="Y",Settings!$B$16,0) -> 0 | N11: =IF(F11="Night",G11,0) -> 8 | O11: =N11*Settings!$B$17 -> 0 | P11: =IFERROR(VLOOKUP(C11,Employees!$A$4:$E$103,5,FALSE),Settings!$B$18) -> 100 | Q11: =I11*P11 -> 800 | R11: =H11*P11*Settings!$B$13 -> 0 | S11: =J11*P11*(Settings!$B$14-1) -> 0 | T11: =K11*P11*(Settings!$B$15-1) -> 800 | U11: =SUM(Q11:T11)+M11+O11 -> 1600 | V11: =Auto_Roster!O11 -> Pending | W11: =_xludf.TEXTJOIN("; ",TRUE,Auto_Roster!N11,IF(G11>Settings!$B$19,"Approval required > standard hours",""),IF(AND(F11<>"Off",G11=0),"Missing claimed hours","")) -> #NAME?
A12: =Auto_Roster!A12 -> 46143 | B12: =Auto_Roster!B12 -> 46139 | C12: =Auto_Roster!C12 -> E009 | D12: =Auto_Roster!D12 -> Frank | E12: =Auto_Roster!E12 -> A | F12: =Auto_Roster!G12 -> Day | G12: =Auto_Roster!J12 -> 8 | H12: =IF(G12>Settings!$B$19,G12-Settings!$B$19,0) -> 0 | I12: =MAX(0,G12-H12) -> 8 | J12: =IF(Auto_Roster!M12="Y",G12,0) -> 0 | K12: =IF(Auto_Roster!L12="Y",G12,0) -> 8 | L12: =Auto_Roster!K12 -> N | M12: =IF(L12="Y",Settings!$B$16,0) -> 0 | N12: =IF(F12="Night",G12,0) -> 0 | O12: =N12*Settings!$B$17 -> 0 | P12: =IFERROR(VLOOKUP(C12,Employees!$A$4:$E$103,5,FALSE),Settings!$B$18) -> 100 | Q12: =I12*P12 -> 800 | R12: =H12*P12*Settings!$B$13 -> 0 | S12: =J12*P12*(Settings!$B$14-1) -> 0 | T12: =K12*P12*(Settings!$B$15-1) -> 800 | U12: =SUM(Q12:T12)+M12+O12 -> 1600 | V12: =Auto_Roster!O12 -> Pending | W12: =_xludf.TEXTJOIN("; ",TRUE,Auto_Roster!N12,IF(G12>Settings!$B$19,"Approval required > standard hours",""),IF(AND(F12<>"Off",G12=0),"Missing claimed hours","")) -> #NAME?
A13: =Auto_Roster!A13 -> 46143 | B13: =Auto_Roster!B13 -> 46139 | C13: =Auto_Roster!C13 | D13: =Auto_Roster!D13 | E13: =Auto_Roster!E13 | F13: =Auto_Roster!G13 | G13: =Auto_Roster!J13 -> 0 | H13: =IF(G13>Settings!$B$19,G13-Settings!$B$19,0) -> 0 | I13: =MAX(0,G13-H13) -> 0 | J13: =IF(Auto_Roster!M13="Y",G13,0) -> 0 | K13: =IF(Auto_Roster!L13="Y",G13,0) -> 0 | L13: =Auto_Roster!K13 -> N | M13: =IF(L13="Y",Settings!$B$16,0) -> 0 | N13: =IF(F13="Night",G13,0) -> 0 | O13: =N13*Settings!$B$17 -> 0 | P13: =IFERROR(VLOOKUP(C13,Employees!$A$4:$E$103,5,FALSE),Settings!$B$18) -> 100 | Q13: =I13*P13 -> 0 | R13: =H13*P13*Settings!$B$13 -> 0 | S13: =J13*P13*(Settings!$B$14-1) -> 0 | T13: =K13*P13*(Settings!$B$15-1) -> 0 | U13: =SUM(Q13:T13)+M13+O13 -> 0 | V13: =Auto_Roster!O13 -> Pending | W13: =_xludf.TEXTJOIN("; ",TRUE,Auto_Roster!N13,IF(G13>Settings!$B$19,"Approval required > standard hours",""),IF(AND(F13<>"Off",G13=0),"Missing claimed hours","")) -> #NAME?
A14: =Auto_Roster!A14 -> 46143 | B14: =Auto_Roster!B14 -> 46139 | C14: =Auto_Roster!C14 | D14: =Auto_Roster!D14 | E14: =Auto_Roster!E14 | F14: =Auto_Roster!G14 | G14: =Auto_Roster!J14 -> 0 | H14: =IF(G14>Settings!$B$19,G14-Settings!$B$19,0) -> 0 | I14: =MAX(0,G14-H14) -> 0 | J14: =IF(Auto_Roster!M14="Y",G14,0) -> 0 | K14: =IF(Auto_Roster!L14="Y",G14,0) -> 0 | L14: =Auto_Roster!K14 -> N | M14: =IF(L14="Y",Settings!$B$16,0) -> 0 | N14: =IF(F14="Night",G14,0) -> 0 | O14: =N14*Settings!$B$17 -> 0 | P14: =IFERROR(VLOOKUP(C14,Employees!$A$4:$E$103,5,FALSE),Settings!$B$18) -> 100 | Q14: =I14*P14 -> 0 | R14: =H14*P14*Settings!$B$13 -> 0 | S14: =J14*P14*(Settings!$B$14-1) -> 0 | T14: =K14*P14*(Settings!$B$15-1) -> 0 | U14: =SUM(Q14:T14)+M14+O14 -> 0 | V14: =Auto_Roster!O14 -> Pending | W14: =_xludf.TEXTJOIN("; ",TRUE,Auto_Roster!N14,IF(G14>Settings!$B$19,"Approval required > standard hours",""),IF(AND(F14<>"Off",G14=0),"Missing claimed hours","")) -> #NAME?
A15: =Auto_Roster!A15 -> 46143 | B15: =Auto_Roster!B15 -> 46139 | C15: =Auto_Roster!C15 | D15: =Auto_Roster!D15 | E15: =Auto_Roster!E15 | F15: =Auto_Roster!G15 | G15: =Auto_Roster!J15 -> 0 | H15: =IF(G15>Settings!$B$19,G15-Settings!$B$19,0) -> 0 | I15: =MAX(0,G15-H15) -> 0 | J15: =IF(Auto_Roster!M15="Y",G15,0) -> 0 | K15: =IF(Auto_Roster!L15="Y",G15,0) -> 0 | L15: =Auto_Roster!K15 -> N | M15: =IF(L15="Y",Settings!$B$16,0) -> 0 | N15: =IF(F15="Night",G15,0) -> 0 | O15: =N15*Settings!$B$17 -> 0 | P15: =IFERROR(VLOOKUP(C15,Employees!$A$4:$E$103,5,FALSE),Settings!$B$18) -> 100 | Q15: =I15*P15 -> 0 | R15: =H15*P15*Settings!$B$13 -> 0 | S15: =J15*P15*(Settings!$B$14-1) -> 0 | T15: =K15*P15*(Settings!$B$15-1) -> 0 | U15: =SUM(Q15:T15)+M15+O15 -> 0 | V15: =Auto_Roster!O15 -> Pending | W15: =_xludf.TEXTJOIN("; ",TRUE,Auto_Roster!N15,IF(G15>Settings!$B$19,"Approval required > standard hours",""),IF(AND(F15<>"Off",G15=0),"Missing claimed hours","")) -> #NAME?
A16: =Auto_Roster!A16 -> 46143 | B16: =Auto_Roster!B16 -> 46139 | C16: =Auto_Roster!C16 | D16: =Auto_Roster!D16 | E16: =Auto_Roster!E16 | F16: =Auto_Roster!G16 | G16: =Auto_Roster!J16 -> 0 | H16: =IF(G16>Settings!$B$19,G16-Settings!$B$19,0) -> 0 | I16: =MAX(0,G16-H16) -> 0 | J16: =IF(Auto_Roster!M16="Y",G16,0) -> 0 | K16: =IF(Auto_Roster!L16="Y",G16,0) -> 0 | L16: =Auto_Roster!K16 -> N | M16: =IF(L16="Y",Settings!$B$16,0) -> 0 | N16: =IF(F16="Night",G16,0) -> 0 | O16: =N16*Settings!$B$17 -> 0 | P16: =IFERROR(VLOOKUP(C16,Employees!$A$4:$E$103,5,FALSE),Settings!$B$18) -> 100 | Q16: =I16*P16 -> 0 | R16: =H16*P16*Settings!$B$13 -> 0 | S16: =J16*P16*(Settings!$B$14-1) -> 0 | T16: =K16*P16*(Settings!$B$15-1) -> 0 | U16: =SUM(Q16:T16)+M16+O16 -> 0 | V16: =Auto_Roster!O16 -> Pending | W16: =_xludf.TEXTJOIN("; ",TRUE,Auto_Roster!N16,IF(G16>Settings!$B$19,"Approval required > standard hours",""),IF(AND(F16<>"Off",G16=0),"Missing claimed hours","")) -> #NAME?
... A623: =Auto_Roster!A623 -> 46173 | B623: =Auto_Roster!B623 -> 46167 | C623: =Auto_Roster!C623 | D623: =Auto_Roster!D623 | E623: =Auto_Roster!E623 | F623: =Auto_Roster!G623 | G623: =Auto_Roster!J623 -> 0 | H623: =IF(G623>Settings!$B$19,G623-Settings!$B$19,0) -> 0 | I623: =MAX(0,G623-H623) -> 0 | J623: =IF(Auto_Roster!M623="Y",G623,0) -> 0 | K623: =IF(Auto_Roster!L623="Y",G623,0) -> 0 | L623: =Auto_Roster!K623 -> N | M623: =IF(L623="Y",Settings!$B$16,0) -> 0 | N623: =IF(F623="Night",G623,0) -> 0 | O623: =N623*Settings!$B$17 -> 0 | P623: =IFERROR(VLOOKUP(C623,Employees!$A$4:$E$103,5,FALSE),Settings!$B$18) -> 100 | Q623: =I623*P623 -> 0 | R623: =H623*P623*Settings!$B$13 -> 0 | S623: =J623*P623*(Settings!$B$14-1) -> 0 | T623: =K623*P623*(Settings!$B$15-1) -> 0 | U623: =SUM(Q623:T623)+M623+O623 -> 0 | V623: =Auto_Roster!O623 -> Pending | W623: =_xludf.TEXTJOIN("; ",TRUE,Auto_Roster!N623,IF(G623>Settings!$B$19,"Approval required > standard hours",""),IF(AND(F623<>"Off",G623=0),"Missing claimed hours","")) -> #NAME?

Sheet Summary_Dashboard
A1: Management Dashboard
A3: Period Start | B3: =Settings!B6 -> 46143 | C3: Period End | D3: =Settings!B6+Settings!B7-1 -> 46173
A5: Employee ID | B5: Employee Name | C5: Total Hours | D5: Normal Hours | E5: Overtime Hours | F5: Standby Days | G5: Total Claim | H5: Compliance Flags | I5: Approved Claim | J5: Pending Claim | K5: Rejected Claim | L5: Paid Claim
A6: =Employees!A4 -> E001 | B6: =Employees!B4 -> Musiwa Khavalani | C6: =SUMIFS(Claims!$G:$G,Claims!$C:$C,$A6) -> #N/A | D6: =SUMIFS(Claims!$I:$I,Claims!$C:$C,$A6) -> #N/A | E6: =SUMIFS(Claims!$H:$H,Claims!$C:$C,$A6) -> #N/A | F6: =COUNTIFS(Claims!$C:$C,$A6,Claims!$L:$L,"Y") -> 0 | G6: =SUMIFS(Claims!$U:$U,Claims!$C:$C,$A6) -> #N/A | H6: =COUNTIFS(Claims!$C:$C,$A6,Claims!$W:$W,"?*") -> 0 | I6: =SUMIFS(Claims!$U:$U,Claims!$C:$C,$A6,Claims!$V:$V,"Approved") -> 0 | J6: =SUMIFS(Claims!$U:$U,Claims!$C:$C,$A6,Claims!$V:$V,"Pending") -> #N/A | K6: =SUMIFS(Claims!$U:$U,Claims!$C:$C,$A6,Claims!$V:$V,"Rejected") -> 0 | L6: =SUMIFS(Claims!$U:$U,Claims!$C:$C,$A6,Claims!$V:$V,"Paid") -> 0
A7: =Employees!A5 -> E002 | B7: =Employees!B5 -> Mpho Nembemhia | C7: =SUMIFS(Claims!$G:$G,Claims!$C:$C,$A7) -> 184 | D7: =SUMIFS(Claims!$I:$I,Claims!$C:$C,$A7) -> 184 | E7: =SUMIFS(Claims!$H:$H,Claims!$C:$C,$A7) -> 0 | F7: =COUNTIFS(Claims!$C:$C,$A7,Claims!$L:$L,"Y") -> 0 | G7: =SUMIFS(Claims!$U:$U,Claims!$C:$C,$A7) -> 21600 | H7: =COUNTIFS(Claims!$C:$C,$A7,Claims!$W:$W,"?*") -> 0 | I7: =SUMIFS(Claims!$U:$U,Claims!$C:$C,$A7,Claims!$V:$V,"Approved") -> 0 | J7: =SUMIFS(Claims!$U:$U,Claims!$C:$C,$A7,Claims!$V:$V,"Pending") -> 21600 | K7: =SUMIFS(Claims!$U:$U,Claims!$C:$C,$A7,Claims!$V:$V,"Rejected") -> 0 | L7: =SUMIFS(Claims!$U:$U,Claims!$C:$C,$A7,Claims!$V:$V,"Paid") -> 0
A8: =Employees!A6 -> E003 | B8: =Employees!B6 -> Dimpho Makhafola | C8: =SUMIFS(Claims!$G:$G,Claims!$C:$C,$A8) -> 184 | D8: =SUMIFS(Claims!$I:$I,Claims!$C:$C,$A8) -> 184 | E8: =SUMIFS(Claims!$H:$H,Claims!$C:$C,$A8) -> 0 | F8: =COUNTIFS(Claims!$C:$C,$A8,Claims!$L:$L,"Y") -> 0 | G8: =SUMIFS(Claims!$U:$U,Claims!$C:$C,$A8) -> 22400 | H8: =COUNTIFS(Claims!$C:$C,$A8,Claims!$W:$W,"?*") -> 0 | I8: =SUMIFS(Claims!$U:$U,Claims!$C:$C,$A8,Claims!$V:$V,"Approved") -> 0 | J8: =SUMIFS(Claims!$U:$U,Claims!$C:$C,$A8,Claims!$V:$V,"Pending") -> 22400 | K8: =SUMIFS(Claims!$U:$U,Claims!$C:$C,$A8,Claims!$V:$V,"Rejected") -> 0 | L8: =SUMIFS(Claims!$U:$U,Claims!$C:$C,$A8,Claims!$V:$V,"Paid") -> 0
A9: =Employees!A7 -> E004 | B9: =Employees!B7 -> Bashii Fall | C9: =SUMIFS(Claims!$G:$G,Claims!$C:$C,$A9) -> 184 | D9: =SUMIFS(Claims!$I:$I,Claims!$C:$C,$A9) -> 184 | E9: =SUMIFS(Claims!$H:$H,Claims!$C:$C,$A9) -> 0 | F9: =COUNTIFS(Claims!$C:$C,$A9,Claims!$L:$L,"Y") -> 0 | G9: =SUMIFS(Claims!$U:$U,Claims!$C:$C,$A9) -> 21600 | H9: =COUNTIFS(Claims!$C:$C,$A9,Claims!$W:$W,"?*") -> 0 | I9: =SUMIFS(Claims!$U:$U,Claims!$C:$C,$A9,Claims!$V:$V,"Approved") -> 0 | J9: =SUMIFS(Claims!$U:$U,Claims!$C:$C,$A9,Claims!$V:$V,"Pending") -> 21600 | K9: =SUMIFS(Claims!$U:$U,Claims!$C:$C,$A9,Claims!$V:$V,"Rejected") -> 0 | L9: =SUMIFS(Claims!$U:$U,Claims!$C:$C,$A9,Claims!$V:$V,"Paid") -> 0
A10: =Employees!A8 -> E005 | B10: =Employees!B8 -> Lesego Aphane | C10: =SUMIFS(Claims!$G:$G,Claims!$C:$C,$A10) -> 192 | D10: =SUMIFS(Claims!$I:$I,Claims!$C:$C,$A10) -> 192 | E10: =SUMIFS(Claims!$H:$H,Claims!$C:$C,$A10) -> 0 | F10: =COUNTIFS(Claims!$C:$C,$A10,Claims!$L:$L,"Y") -> 0 | G10: =SUMIFS(Claims!$U:$U,Claims!$C:$C,$A10) -> 23200 | H10: =COUNTIFS(Claims!$C:$C,$A10,Claims!$W:$W,"?*") -> 0 | I10: =SUMIFS(Claims!$U:$U,Claims!$C:$C,$A10,Claims!$V:$V,"Approved") -> 0 | J10: =SUMIFS(Claims!$U:$U,Claims!$C:$C,$A10,Claims!$V:$V,"Pending") -> 23200 | K10: =SUMIFS(Claims!$U:$U,Claims!$C:$C,$A10,Claims!$V:$V,"Rejected") -> 0 | L10: =SUMIFS(Claims!$U:$U,Claims!$C:$C,$A10,Claims!$V:$V,"Paid") -> 0
A11: =Employees!A9 -> E006 | B11: =Employees!B9 -> Nhalnahla | C11: =SUMIFS(Claims!$G:$G,Claims!$C:$C,$A11) -> 184 | D11: =SUMIFS(Claims!$I:$I,Claims!$C:$C,$A11) -> 184 | E11: =SUMIFS(Claims!$H:$H,Claims!$C:$C,$A11) -> 0 | F11: =COUNTIFS(Claims!$C:$C,$A11,Claims!$L:$L,"Y") -> 0 | G11: =SUMIFS(Claims!$U:$U,Claims!$C:$C,$A11) -> 21600 | H11: =COUNTIFS(Claims!$C:$C,$A11,Claims!$W:$W,"?*") -> 0 | I11: =SUMIFS(Claims!$U:$U,Claims!$C:$C,$A11,Claims!$V:$V,"Approved") -> 0 | J11: =SUMIFS(Claims!$U:$U,Claims!$C:$C,$A11,Claims!$V:$V,"Pending") -> 21600 | K11: =SUMIFS(Claims!$U:$U,Claims!$C:$C,$A11,Claims!$V:$V,"Rejected") -> 0 | L11: =SUMIFS(Claims!$U:$U,Claims!$C:$C,$A11,Claims!$V:$V,"Paid") -> 0
A12: =Employees!A10 -> E007 | B12: =Employees!B10 -> Joe | C12: =SUMIFS(Claims!$G:$G,Claims!$C:$C,$A12) -> 184 | D12: =SUMIFS(Claims!$I:$I,Claims!$C:$C,$A12) -> 184 | E12: =SUMIFS(Claims!$H:$H,Claims!$C:$C,$A12) -> 0 | F12: =COUNTIFS(Claims!$C:$C,$A12,Claims!$L:$L,"Y") -> 0 | G12: =SUMIFS(Claims!$U:$U,Claims!$C:$C,$A12) -> 22400 | H12: =COUNTIFS(Claims!$C:$C,$A12,Claims!$W:$W,"?*") -> 0 | I12: =SUMIFS(Claims!$U:$U,Claims!$C:$C,$A12,Claims!$V:$V,"Approved") -> 0 | J12: =SUMIFS(Claims!$U:$U,Claims!$C:$C,$A12,Claims!$V:$V,"Pending") -> 22400 | K12: =SUMIFS(Claims!$U:$U,Claims!$C:$C,$A12,Claims!$V:$V,"Rejected") -> 0 | L12: =SUMIFS(Claims!$U:$U,Claims!$C:$C,$A12,Claims!$V:$V,"Paid") -> 0
A13: =Employees!A11 -> E008 | B13: =Employees!B11 -> Tim | C13: =SUMIFS(Claims!$G:$G,Claims!$C:$C,$A13) -> 184 | D13: =SUMIFS(Claims!$I:$I,Claims!$C:$C,$A13) -> 184 | E13: =SUMIFS(Claims!$H:$H,Claims!$C:$C,$A13) -> 0 | F13: =COUNTIFS(Claims!$C:$C,$A13,Claims!$L:$L,"Y") -> 0 | G13: =SUMIFS(Claims!$U:$U,Claims!$C:$C,$A13) -> 21600 | H13: =COUNTIFS(Claims!$C:$C,$A13,Claims!$W:$W,"?*") -> 0 | I13: =SUMIFS(Claims!$U:$U,Claims!$C:$C,$A13,Claims!$V:$V,"Approved") -> 0 | J13: =SUMIFS(Claims!$U:$U,Claims!$C:$C,$A13,Claims!$V:$V,"Pending") -> 21600 | K13: =SUMIFS(Claims!$U:$U,Claims!$C:$C,$A13,Claims!$V:$V,"Rejected") -> 0 | L13: =SUMIFS(Claims!$U:$U,Claims!$C:$C,$A13,Claims!$V:$V,"Paid") -> 0
A14: =Employees!A12 -> E009 | B14: =Employees!B12 -> Frank | C14: =SUMIFS(Claims!$G:$G,Claims!$C:$C,$A14) -> 192 | D14: =SUMIFS(Claims!$I:$I,Claims!$C:$C,$A14) -> 192 | E14: =SUMIFS(Claims!$H:$H,Claims!$C:$C,$A14) -> 0 | F14: =COUNTIFS(Claims!$C:$C,$A14,Claims!$L:$L,"Y") -> 0 | G14: =SUMIFS(Claims!$U:$U,Claims!$C:$C,$A14) -> 23200 | H14: =COUNTIFS(Claims!$C:$C,$A14,Claims!$W:$W,"?*") -> 0 | I14: =SUMIFS(Claims!$U:$U,Claims!$C:$C,$A14,Claims!$V:$V,"Approved") -> 0 | J14: =SUMIFS(Claims!$U:$U,Claims!$C:$C,$A14,Claims!$V:$V,"Pending") -> 23200 | K14: =SUMIFS(Claims!$U:$U,Claims!$C:$C,$A14,Claims!$V:$V,"Rejected") -> 0 | L14: =SUMIFS(Claims!$U:$U,Claims!$C:$C,$A14,Claims!$V:$V,"Paid") -> 0
A15: =Employees!A13 -> 0 | B15: =Employees!B13 -> 0 | C15: =SUMIFS(Claims!$G:$G,Claims!$C:$C,$A15) -> 0 | D15: =SUMIFS(Claims!$I:$I,Claims!$C:$C,$A15) -> 0 | E15: =SUMIFS(Claims!$H:$H,Claims!$C:$C,$A15) -> 0 | F15: =COUNTIFS(Claims!$C:$C,$A15,Claims!$L:$L,"Y") -> 0 | G15: =SUMIFS(Claims!$U:$U,Claims!$C:$C,$A15) -> 0 | H15: =COUNTIFS(Claims!$C:$C,$A15,Claims!$W:$W,"?*") -> 0 | I15: =SUMIFS(Claims!$U:$U,Claims!$C:$C,$A15,Claims!$V:$V,"Approved") -> 0 | J15: =SUMIFS(Claims!$U:$U,Claims!$C:$C,$A15,Claims!$V:$V,"Pending") -> 0 | K15: =SUMIFS(Claims!$U:$U,Claims!$C:$C,$A15,Claims!$V:$V,"Rejected") -> 0 | L15: =SUMIFS(Claims!$U:$U,Claims!$C:$C,$A15,Claims!$V:$V,"Paid") -> 0
A16: =Employees!A14 -> 0 | B16: =Employees!B14 -> 0 | C16: =SUMIFS(Claims!$G:$G,Claims!$C:$C,$A16) -> 0 | D16: =SUMIFS(Claims!$I:$I,Claims!$C:$C,$A16) -> 0 | E16: =SUMIFS(Claims!$H:$H,Claims!$C:$C,$A16) -> 0 | F16: =COUNTIFS(Claims!$C:$C,$A16,Claims!$L:$L,"Y") -> 0 | G16: =SUMIFS(Claims!$U:$U,Claims!$C:$C,$A16) -> 0 | H16: =COUNTIFS(Claims!$C:$C,$A16,Claims!$W:$W,"?*") -> 0 | I16: =SUMIFS(Claims!$U:$U,Claims!$C:$C,$A16,Claims!$V:$V,"Approved") -> 0 | J16: =SUMIFS(Claims!$U:$U,Claims!$C:$C,$A16,Claims!$V:$V,"Pending") -> 0 | K16: =SUMIFS(Claims!$U:$U,Claims!$C:$C,$A16,Claims!$V:$V,"Rejected") -> 0 | L16: =SUMIFS(Claims!$U:$U,Claims!$C:$C,$A16,Claims!$V:$V,"Paid") -> 0
A17: =Employees!A15 -> 0 | B17: =Employees!B15 -> 0 | C17: =SUMIFS(Claims!$G:$G,Claims!$C:$C,$A17) -> 0 | D17: =SUMIFS(Claims!$I:$I,Claims!$C:$C,$A17) -> 0 | E17: =SUMIFS(Claims!$H:$H,Claims!$C:$C,$A17) -> 0 | F17: =COUNTIFS(Claims!$C:$C,$A17,Claims!$L:$L,"Y") -> 0 | G17: =SUMIFS(Claims!$U:$U,Claims!$C:$C,$A17) -> 0 | H17: =COUNTIFS(Claims!$C:$C,$A17,Claims!$W:$W,"?*") -> 0 | I17: =SUMIFS(Claims!$U:$U,Claims!$C:$C,$A17,Claims!$V:$V,"Approved") -> 0 | J17: =SUMIFS(Claims!$U:$U,Claims!$C:$C,$A17,Claims!$V:$V,"Pending") -> 0 | K17: =SUMIFS(Claims!$U:$U,Claims!$C:$C,$A17,Claims!$V:$V,"Rejected") -> 0 | L17: =SUMIFS(Claims!$U:$U,Claims!$C:$C,$A17,Claims!$V:$V,"Paid") -> 0
... A25: =Employees!A23 -> 0 | B25: =Employees!B23 -> 0 | C25: =SUMIFS(Claims!$G:$G,Claims!$C:$C,$A25) -> 0 | D25: =SUMIFS(Claims!$I:$I,Claims!$C:$C,$A25) -> 0 | E25: =SUMIFS(Claims!$H:$H,Claims!$C:$C,$A25) -> 0 | F25: =COUNTIFS(Claims!$C:$C,$A25,Claims!$L:$L,"Y") -> 0 | G25: =SUMIFS(Claims!$U:$U,Claims!$C:$C,$A25) -> 0 | H25: =COUNTIFS(Claims!$C:$C,$A25,Claims!$W:$W,"?*") -> 0 | I25: =SUMIFS(Claims!$U:$U,Claims!$C:$C,$A25,Claims!$V:$V,"Approved") -> 0 | J25: =SUMIFS(Claims!$U:$U,Claims!$C:$C,$A25,Claims!$V:$V,"Pending") -> 0 | K25: =SUMIFS(Claims!$U:$U,Claims!$C:$C,$A25,Claims!$V:$V,"Rejected") -> 0 | L25: =SUMIFS(Claims!$U:$U,Claims!$C:$C,$A25,Claims!$V:$V,"Paid") -> 0
A29: KPI | B29: Value
A30: Total Claim Cost | B30: =SUM(G6:G25) -> #N/A
A31: Total Overtime Hours | B31: =SUM(E6:E25) -> #N/A
A32: Total Standby Days | B32: =SUM(F6:F25) -> 0
A33: Compliance Exceptions | B33: =SUM(H6:H25) -> 0
A34: Approved Claims | B34: =SUM(I6:I25) -> 0
A35: Pending Claims | B35: =SUM(J6:J25) -> #N/A

Sheet Compliance_Guide
A1: South Africa Compliance Guide
A3: Area | B3: Rule / Control Used | C3: Workbook Implementation | D3: Source
A4: Ordinary hours | B4: BCEA ordinary hours are capped at 45 hours per week for covered employees. | C4: Auto_Roster flags weekly ordinary hours above Settings!B9. | D4: https://www.labour.gov.za/DocumentCenter/Acts/Basic%20Conditions%20of%20Employment/Act%20-%20Basic%20Conditions%20of%20Employment.pdf
A5: Overtime | B5: Overtime generally requires agreement, is capped at 10 hours per week, and is paid at 1.5x unless time off arrangements apply. | C5: Claims calculates OT above standard shift hours and flags weekly OT above Settings!B10. | D5: https://www.gov.za/sites/default/files/gcis_document/201409/a75-97.pdf
A6: Meal interval | B6: A meal interval is required after five continuous hours, generally one continuous hour unless valid agreement reduces it. | C6: Auto_Roster flags shifts above five hours as meal interval required. | D6: https://www.gov.za/sites/default/files/gcis_document/201409/a75-97.pdf
A7: Daily / weekly rest | B7: At least 12 consecutive hours daily rest and 36 consecutive hours weekly rest, subject to allowed agreements/exceptions. | C7: Auto_Roster flags short rest after night shift and provides weekly rest guidance. | D7: https://www.gov.za/sites/default/files/gcis_document/201409/a75-97.pdf
A8: Sunday / public holiday | B8: Sunday and public-holiday pay can have special rates depending on ordinary work patterns and agreement. | C8: Settings includes adjustable Sunday/Public Holiday multipliers. | D8: https://www.labour.gov.za/DocumentCenter/Acts/Basic%20Conditions%20of%20Employment/Act%20-%20Basic%20Conditions%20of%20Employment.pdf
A9: Night work | B9: Night work requires consideration of allowance/reduced hours and transport/health and safety conditions. | C9: Claims captures night hours and optional night-shift allowance. | D9: https://www.gov.za/sites/default/files/gcis_document/201409/a75-97.pdf
A10: Disclaimer | B10: This tool supports compliance administration but is not legal advice; check sectoral determinations, bargaining council agreements, contracts and company policies. | C10: All thresholds and multipliers are editable in Settings. | D10: Official BCEA / Department of Employment and Labour sources
